hero,map,map_type,mode,pickrate,winrate
Sierra,Busan,Control,Competitive - Role Queue,52.9,0.526
Ramattra,Busan,Control,Competitive - Role Queue,10.3,0.517
Ana,Busan,Control,Competitive - Role Queue,21.4,0.457
Anran,Busan,Control,Competitive - Role Queue,12.6,0.5329999999999999
Ashe,Busan,Control,Competitive - Role Queue,8.7,0.493
Baptiste,Busan,Control,Competitive - Role Queue,5.1,0.446
Bastion,Busan,Control,Competitive - Role Queue,9.7,0.475
Brigitte,Busan,Control,Competitive - Role Queue,5.9,0.5429999999999999
Cassidy,Busan,Control,Competitive - Role Queue,10.8,0.47200000000000003
D.Va,Busan,Control,Competitive - Role Queue,10.0,0.47200000000000003
Domina,Busan,Control,Competitive - Role Queue,8.4,0.506
Doomfist,Busan,Control,Competitive - Role Queue,6.2,0.49200000000000005
Echo,Busan,Control,Competitive - Role Queue,4.8,0.491
Emre,Busan,Control,Competitive - Role Queue,10.2,0.48
Freja,Busan,Control,Competitive - Role Queue,3.9,0.449
Genji,Busan,Control,Competitive - Role Queue,11.3,0.511
Hanzo,Busan,Control,Competitive - Role Queue,6.4,0.484
Hazard,Busan,Control,Competitive - Role Queue,4.5,0.523
Illari,Busan,Control,Competitive - Role Queue,9.2,0.525
Jetpack Cat,Busan,Control,Competitive - Role Queue,11.0,0.485
Junker Queen,Busan,Control,Competitive - Role Queue,5.0,0.523
Junkrat,Busan,Control,Competitive - Role Queue,8.2,0.504
Juno,Busan,Control,Competitive - Role Queue,21.2,0.506
Kiriko,Busan,Control,Competitive - Role Queue,22.5,0.48200000000000004
Lifeweaver,Busan,Control,Competitive - Role Queue,14.9,0.506
Lúcio,Busan,Control,Competitive - Role Queue,8.5,0.525
Mauga,Busan,Control,Competitive - Role Queue,6.3,0.502
Mei,Busan,Control,Competitive - Role Queue,5.5,0.525
Mercy,Busan,Control,Competitive - Role Queue,23.5,0.488
Mizuki,Busan,Control,Competitive - Role Queue,15.8,0.523
Moira,Busan,Control,Competitive - Role Queue,20.8,0.502
Orisa,Busan,Control,Competitive - Role Queue,9.8,0.467
Pharah,Busan,Control,Competitive - Role Queue,3.7,0.532
Reaper,Busan,Control,Competitive - Role Queue,8.6,0.5379999999999999
Reinhardt,Busan,Control,Competitive - Role Queue,10.9,0.5429999999999999
Roadhog,Busan,Control,Competitive - Role Queue,8.3,0.457
Sigma,Busan,Control,Competitive - Role Queue,8.5,0.507
Sojourn,Busan,Control,Competitive - Role Queue,5.4,0.433
Soldier: 76,Busan,Control,Competitive - Role Queue,11.6,0.489
Sombra,Busan,Control,Competitive - Role Queue,4.1,0.467
Symmetra,Busan,Control,Competitive - Role Queue,2.3,0.541
Torbjörn,Busan,Control,Competitive - Role Queue,3.4,0.551
Tracer,Busan,Control,Competitive - Role Queue,4.4,0.498
Vendetta,Busan,Control,Competitive - Role Queue,3.8,0.469
Venture,Busan,Control,Competitive - Role Queue,2.6,0.524
Widowmaker,Busan,Control,Competitive - Role Queue,5.3,0.451
Winston,Busan,Control,Competitive - Role Queue,4.6,0.5329999999999999
Wrecking Ball,Busan,Control,Competitive - Role Queue,3.1,0.505
Wuyang,Busan,Control,Competitive - Role Queue,9.1,0.501
Zarya,Busan,Control,Competitive - Role Queue,4.3,0.46799999999999997
Zenyatta,Busan,Control,Competitive - Role Queue,11.2,0.545
Sierra,Ilios,Control,Competitive - Role Queue,52.9,0.526
Ramattra,Ilios,Control,Competitive - Role Queue,10.3,0.517
Ana,Ilios,Control,Competitive - Role Queue,21.4,0.457
Anran,Ilios,Control,Competitive - Role Queue,12.6,0.5329999999999999
Ashe,Ilios,Control,Competitive - Role Queue,8.7,0.493
Baptiste,Ilios,Control,Competitive - Role Queue,5.1,0.446
Bastion,Ilios,Control,Competitive - Role Queue,9.7,0.475
Brigitte,Ilios,Control,Competitive - Role Queue,5.9,0.5429999999999999
Cassidy,Ilios,Control,Competitive - Role Queue,10.8,0.47200000000000003
D.Va,Ilios,Control,Competitive - Role Queue,10.0,0.47200000000000003
Domina,Ilios,Control,Competitive - Role Queue,8.4,0.506
Doomfist,Ilios,Control,Competitive - Role Queue,6.2,0.49200000000000005
Echo,Ilios,Control,Competitive - Role Queue,4.8,0.491
Emre,Ilios,Control,Competitive - Role Queue,10.2,0.48
Freja,Ilios,Control,Competitive - Role Queue,3.9,0.449
Genji,Ilios,Control,Competitive - Role Queue,11.3,0.511
Hanzo,Ilios,Control,Competitive - Role Queue,6.4,0.484
Hazard,Ilios,Control,Competitive - Role Queue,4.5,0.523
Illari,Ilios,Control,Competitive - Role Queue,9.2,0.525
Jetpack Cat,Ilios,Control,Competitive - Role Queue,11.0,0.485
Junker Queen,Ilios,Control,Competitive - Role Queue,5.0,0.523
Junkrat,Ilios,Control,Competitive - Role Queue,8.2,0.504
Juno,Ilios,Control,Competitive - Role Queue,21.2,0.506
Kiriko,Ilios,Control,Competitive - Role Queue,22.5,0.48200000000000004
Lifeweaver,Ilios,Control,Competitive - Role Queue,14.9,0.506
Lúcio,Ilios,Control,Competitive - Role Queue,8.5,0.525
Mauga,Ilios,Control,Competitive - Role Queue,6.3,0.502
Mei,Ilios,Control,Competitive - Role Queue,5.5,0.525
Mercy,Ilios,Control,Competitive - Role Queue,23.5,0.488
Mizuki,Ilios,Control,Competitive - Role Queue,15.8,0.523
Moira,Ilios,Control,Competitive - Role Queue,20.8,0.502
Orisa,Ilios,Control,Competitive - Role Queue,9.8,0.467
Pharah,Ilios,Control,Competitive - Role Queue,3.7,0.532
Reaper,Ilios,Control,Competitive - Role Queue,8.6,0.5379999999999999
Reinhardt,Ilios,Control,Competitive - Role Queue,10.9,0.5429999999999999
Roadhog,Ilios,Control,Competitive - Role Queue,8.3,0.457
Sigma,Ilios,Control,Competitive - Role Queue,8.5,0.507
Sojourn,Ilios,Control,Competitive - Role Queue,5.4,0.433
Soldier: 76,Ilios,Control,Competitive - Role Queue,11.6,0.489
Sombra,Ilios,Control,Competitive - Role Queue,4.1,0.467
Symmetra,Ilios,Control,Competitive - Role Queue,2.3,0.541
Torbjörn,Ilios,Control,Competitive - Role Queue,3.4,0.551
Tracer,Ilios,Control,Competitive - Role Queue,4.4,0.498
Vendetta,Ilios,Control,Competitive - Role Queue,3.8,0.469
Venture,Ilios,Control,Competitive - Role Queue,2.6,0.524
Widowmaker,Ilios,Control,Competitive - Role Queue,5.3,0.451
Winston,Ilios,Control,Competitive - Role Queue,4.6,0.5329999999999999
Wrecking Ball,Ilios,Control,Competitive - Role Queue,3.1,0.505
Wuyang,Ilios,Control,Competitive - Role Queue,9.1,0.501
Zarya,Ilios,Control,Competitive - Role Queue,4.3,0.46799999999999997
Zenyatta,Ilios,Control,Competitive - Role Queue,11.2,0.545
Sierra,Lijiang Tower,Control,Competitive - Role Queue,52.9,0.526
Ramattra,Lijiang Tower,Control,Competitive - Role Queue,10.3,0.517
Ana,Lijiang Tower,Control,Competitive - Role Queue,21.4,0.457
Anran,Lijiang Tower,Control,Competitive - Role Queue,12.6,0.5329999999999999
Ashe,Lijiang Tower,Control,Competitive - Role Queue,8.7,0.493
Baptiste,Lijiang Tower,Control,Competitive - Role Queue,5.1,0.446
Bastion,Lijiang Tower,Control,Competitive - Role Queue,9.7,0.475
Brigitte,Lijiang Tower,Control,Competitive - Role Queue,5.9,0.5429999999999999
Cassidy,Lijiang Tower,Control,Competitive - Role Queue,10.8,0.47200000000000003
D.Va,Lijiang Tower,Control,Competitive - Role Queue,10.0,0.47200000000000003
Domina,Lijiang Tower,Control,Competitive - Role Queue,8.4,0.506
Doomfist,Lijiang Tower,Control,Competitive - Role Queue,6.2,0.49200000000000005
Echo,Lijiang Tower,Control,Competitive - Role Queue,4.8,0.491
Emre,Lijiang Tower,Control,Competitive - Role Queue,10.2,0.48
Freja,Lijiang Tower,Control,Competitive - Role Queue,3.9,0.449
Genji,Lijiang Tower,Control,Competitive - Role Queue,11.3,0.511
Hanzo,Lijiang Tower,Control,Competitive - Role Queue,6.4,0.484
Hazard,Lijiang Tower,Control,Competitive - Role Queue,4.5,0.523
Illari,Lijiang Tower,Control,Competitive - Role Queue,9.2,0.525
Jetpack Cat,Lijiang Tower,Control,Competitive - Role Queue,11.0,0.485
Junker Queen,Lijiang Tower,Control,Competitive - Role Queue,5.0,0.523
Junkrat,Lijiang Tower,Control,Competitive - Role Queue,8.2,0.504
Juno,Lijiang Tower,Control,Competitive - Role Queue,21.2,0.506
Kiriko,Lijiang Tower,Control,Competitive - Role Queue,22.5,0.48200000000000004
Lifeweaver,Lijiang Tower,Control,Competitive - Role Queue,14.9,0.506
Lúcio,Lijiang Tower,Control,Competitive - Role Queue,8.5,0.525
Mauga,Lijiang Tower,Control,Competitive - Role Queue,6.3,0.502
Mei,Lijiang Tower,Control,Competitive - Role Queue,5.5,0.525
Mercy,Lijiang Tower,Control,Competitive - Role Queue,23.5,0.488
Mizuki,Lijiang Tower,Control,Competitive - Role Queue,15.8,0.523
Moira,Lijiang Tower,Control,Competitive - Role Queue,20.8,0.502
Orisa,Lijiang Tower,Control,Competitive - Role Queue,9.8,0.467
Pharah,Lijiang Tower,Control,Competitive - Role Queue,3.7,0.532
Reaper,Lijiang Tower,Control,Competitive - Role Queue,8.6,0.5379999999999999
Reinhardt,Lijiang Tower,Control,Competitive - Role Queue,10.9,0.5429999999999999
Roadhog,Lijiang Tower,Control,Competitive - Role Queue,8.3,0.457
Sigma,Lijiang Tower,Control,Competitive - Role Queue,8.5,0.507
Sojourn,Lijiang Tower,Control,Competitive - Role Queue,5.4,0.433
Soldier: 76,Lijiang Tower,Control,Competitive - Role Queue,11.6,0.489
Sombra,Lijiang Tower,Control,Competitive - Role Queue,4.1,0.467
Symmetra,Lijiang Tower,Control,Competitive - Role Queue,2.3,0.541
Torbjörn,Lijiang Tower,Control,Competitive - Role Queue,3.4,0.551
Tracer,Lijiang Tower,Control,Competitive - Role Queue,4.4,0.498
Vendetta,Lijiang Tower,Control,Competitive - Role Queue,3.8,0.469
Venture,Lijiang Tower,Control,Competitive - Role Queue,2.6,0.524
Widowmaker,Lijiang Tower,Control,Competitive - Role Queue,5.3,0.451
Winston,Lijiang Tower,Control,Competitive - Role Queue,4.6,0.5329999999999999
Wrecking Ball,Lijiang Tower,Control,Competitive - Role Queue,3.1,0.505
Wuyang,Lijiang Tower,Control,Competitive - Role Queue,9.1,0.501
Zarya,Lijiang Tower,Control,Competitive - Role Queue,4.3,0.46799999999999997
Zenyatta,Lijiang Tower,Control,Competitive - Role Queue,11.2,0.545
Sierra,Nepal,Control,Competitive - Role Queue,52.9,0.526
Ramattra,Nepal,Control,Competitive - Role Queue,10.3,0.517
Ana,Nepal,Control,Competitive - Role Queue,21.4,0.457
Anran,Nepal,Control,Competitive - Role Queue,12.6,0.5329999999999999
Ashe,Nepal,Control,Competitive - Role Queue,8.7,0.493
Baptiste,Nepal,Control,Competitive - Role Queue,5.1,0.446
Bastion,Nepal,Control,Competitive - Role Queue,9.7,0.475
Brigitte,Nepal,Control,Competitive - Role Queue,5.9,0.5429999999999999
Cassidy,Nepal,Control,Competitive - Role Queue,10.8,0.47200000000000003
D.Va,Nepal,Control,Competitive - Role Queue,10.0,0.47200000000000003
Domina,Nepal,Control,Competitive - Role Queue,8.4,0.506
Doomfist,Nepal,Control,Competitive - Role Queue,6.2,0.49200000000000005
Echo,Nepal,Control,Competitive - Role Queue,4.8,0.491
Emre,Nepal,Control,Competitive - Role Queue,10.2,0.48
Freja,Nepal,Control,Competitive - Role Queue,3.9,0.449
Genji,Nepal,Control,Competitive - Role Queue,11.3,0.511
Hanzo,Nepal,Control,Competitive - Role Queue,6.4,0.484
Hazard,Nepal,Control,Competitive - Role Queue,4.5,0.523
Illari,Nepal,Control,Competitive - Role Queue,9.2,0.525
Jetpack Cat,Nepal,Control,Competitive - Role Queue,11.0,0.485
Junker Queen,Nepal,Control,Competitive - Role Queue,5.0,0.523
Junkrat,Nepal,Control,Competitive - Role Queue,8.2,0.504
Juno,Nepal,Control,Competitive - Role Queue,21.2,0.506
Kiriko,Nepal,Control,Competitive - Role Queue,22.5,0.48200000000000004
Lifeweaver,Nepal,Control,Competitive - Role Queue,14.9,0.506
Lúcio,Nepal,Control,Competitive - Role Queue,8.5,0.525
Mauga,Nepal,Control,Competitive - Role Queue,6.3,0.502
Mei,Nepal,Control,Competitive - Role Queue,5.5,0.525
Mercy,Nepal,Control,Competitive - Role Queue,23.5,0.488
Mizuki,Nepal,Control,Competitive - Role Queue,15.8,0.523
Moira,Nepal,Control,Competitive - Role Queue,20.8,0.502
Orisa,Nepal,Control,Competitive - Role Queue,9.8,0.467
Pharah,Nepal,Control,Competitive - Role Queue,3.7,0.532
Reaper,Nepal,Control,Competitive - Role Queue,8.6,0.5379999999999999
Reinhardt,Nepal,Control,Competitive - Role Queue,10.9,0.5429999999999999
Roadhog,Nepal,Control,Competitive - Role Queue,8.3,0.457
Sigma,Nepal,Control,Competitive - Role Queue,8.5,0.507
Sojourn,Nepal,Control,Competitive - Role Queue,5.4,0.433
Soldier: 76,Nepal,Control,Competitive - Role Queue,11.6,0.489
Sombra,Nepal,Control,Competitive - Role Queue,4.1,0.467
Symmetra,Nepal,Control,Competitive - Role Queue,2.3,0.541
Torbjörn,Nepal,Control,Competitive - Role Queue,3.4,0.551
Tracer,Nepal,Control,Competitive - Role Queue,4.4,0.498
Vendetta,Nepal,Control,Competitive - Role Queue,3.8,0.469
Venture,Nepal,Control,Competitive - Role Queue,2.6,0.524
Widowmaker,Nepal,Control,Competitive - Role Queue,5.3,0.451
Winston,Nepal,Control,Competitive - Role Queue,4.6,0.5329999999999999
Wrecking Ball,Nepal,Control,Competitive - Role Queue,3.1,0.505
Wuyang,Nepal,Control,Competitive - Role Queue,9.1,0.501
Zarya,Nepal,Control,Competitive - Role Queue,4.3,0.46799999999999997
Zenyatta,Nepal,Control,Competitive - Role Queue,11.2,0.545
Sierra,Oasis,Control,Competitive - Role Queue,52.9,0.526
Ramattra,Oasis,Control,Competitive - Role Queue,10.3,0.517
Ana,Oasis,Control,Competitive - Role Queue,21.4,0.457
Anran,Oasis,Control,Competitive - Role Queue,12.6,0.5329999999999999
Ashe,Oasis,Control,Competitive - Role Queue,8.7,0.493
Baptiste,Oasis,Control,Competitive - Role Queue,5.1,0.446
Bastion,Oasis,Control,Competitive - Role Queue,9.7,0.475
Brigitte,Oasis,Control,Competitive - Role Queue,5.9,0.5429999999999999
Cassidy,Oasis,Control,Competitive - Role Queue,10.8,0.47200000000000003
D.Va,Oasis,Control,Competitive - Role Queue,10.0,0.47200000000000003
Domina,Oasis,Control,Competitive - Role Queue,8.4,0.506
Doomfist,Oasis,Control,Competitive - Role Queue,6.2,0.49200000000000005
Echo,Oasis,Control,Competitive - Role Queue,4.8,0.491
Emre,Oasis,Control,Competitive - Role Queue,10.2,0.48
Freja,Oasis,Control,Competitive - Role Queue,3.9,0.449
Genji,Oasis,Control,Competitive - Role Queue,11.3,0.511
Hanzo,Oasis,Control,Competitive - Role Queue,6.4,0.484
Hazard,Oasis,Control,Competitive - Role Queue,4.5,0.523
Illari,Oasis,Control,Competitive - Role Queue,9.2,0.525
Jetpack Cat,Oasis,Control,Competitive - Role Queue,11.0,0.485
Junker Queen,Oasis,Control,Competitive - Role Queue,5.0,0.523
Junkrat,Oasis,Control,Competitive - Role Queue,8.2,0.504
Juno,Oasis,Control,Competitive - Role Queue,21.2,0.506
Kiriko,Oasis,Control,Competitive - Role Queue,22.5,0.48200000000000004
Lifeweaver,Oasis,Control,Competitive - Role Queue,14.9,0.506
Lúcio,Oasis,Control,Competitive - Role Queue,8.5,0.525
Mauga,Oasis,Control,Competitive - Role Queue,6.3,0.502
Mei,Oasis,Control,Competitive - Role Queue,5.5,0.525
Mercy,Oasis,Control,Competitive - Role Queue,23.5,0.488
Mizuki,Oasis,Control,Competitive - Role Queue,15.8,0.523
Moira,Oasis,Control,Competitive - Role Queue,20.8,0.502
Orisa,Oasis,Control,Competitive - Role Queue,9.8,0.467
Pharah,Oasis,Control,Competitive - Role Queue,3.7,0.532
Reaper,Oasis,Control,Competitive - Role Queue,8.6,0.5379999999999999
Reinhardt,Oasis,Control,Competitive - Role Queue,10.9,0.5429999999999999
Roadhog,Oasis,Control,Competitive - Role Queue,8.3,0.457
Sigma,Oasis,Control,Competitive - Role Queue,8.5,0.507
Sojourn,Oasis,Control,Competitive - Role Queue,5.4,0.433
Soldier: 76,Oasis,Control,Competitive - Role Queue,11.6,0.489
Sombra,Oasis,Control,Competitive - Role Queue,4.1,0.467
Symmetra,Oasis,Control,Competitive - Role Queue,2.3,0.541
Torbjörn,Oasis,Control,Competitive - Role Queue,3.4,0.551
Tracer,Oasis,Control,Competitive - Role Queue,4.4,0.498
Vendetta,Oasis,Control,Competitive - Role Queue,3.8,0.469
Venture,Oasis,Control,Competitive - Role Queue,2.6,0.524
Widowmaker,Oasis,Control,Competitive - Role Queue,5.3,0.451
Winston,Oasis,Control,Competitive - Role Queue,4.6,0.5329999999999999
Wrecking Ball,Oasis,Control,Competitive - Role Queue,3.1,0.505
Wuyang,Oasis,Control,Competitive - Role Queue,9.1,0.501
Zarya,Oasis,Control,Competitive - Role Queue,4.3,0.46799999999999997
Zenyatta,Oasis,Control,Competitive - Role Queue,11.2,0.545
Sierra,Samoa,Control,Competitive - Role Queue,52.9,0.526
Ramattra,Samoa,Control,Competitive - Role Queue,10.3,0.517
Ana,Samoa,Control,Competitive - Role Queue,21.4,0.457
Anran,Samoa,Control,Competitive - Role Queue,12.6,0.5329999999999999
Ashe,Samoa,Control,Competitive - Role Queue,8.7,0.493
Baptiste,Samoa,Control,Competitive - Role Queue,5.1,0.446
Bastion,Samoa,Control,Competitive - Role Queue,9.7,0.475
Brigitte,Samoa,Control,Competitive - Role Queue,5.9,0.5429999999999999
Cassidy,Samoa,Control,Competitive - Role Queue,10.8,0.47200000000000003
D.Va,Samoa,Control,Competitive - Role Queue,10.0,0.47200000000000003
Domina,Samoa,Control,Competitive - Role Queue,8.4,0.506
Doomfist,Samoa,Control,Competitive - Role Queue,6.2,0.49200000000000005
Echo,Samoa,Control,Competitive - Role Queue,4.8,0.491
Emre,Samoa,Control,Competitive - Role Queue,10.2,0.48
Freja,Samoa,Control,Competitive - Role Queue,3.9,0.449
Genji,Samoa,Control,Competitive - Role Queue,11.3,0.511
Hanzo,Samoa,Control,Competitive - Role Queue,6.4,0.484
Hazard,Samoa,Control,Competitive - Role Queue,4.5,0.523
Illari,Samoa,Control,Competitive - Role Queue,9.2,0.525
Jetpack Cat,Samoa,Control,Competitive - Role Queue,11.0,0.485
Junker Queen,Samoa,Control,Competitive - Role Queue,5.0,0.523
Junkrat,Samoa,Control,Competitive - Role Queue,8.2,0.504
Juno,Samoa,Control,Competitive - Role Queue,21.2,0.506
Kiriko,Samoa,Control,Competitive - Role Queue,22.5,0.48200000000000004
Lifeweaver,Samoa,Control,Competitive - Role Queue,14.9,0.506
Lúcio,Samoa,Control,Competitive - Role Queue,8.5,0.525
Mauga,Samoa,Control,Competitive - Role Queue,6.3,0.502
Mei,Samoa,Control,Competitive - Role Queue,5.5,0.525
Mercy,Samoa,Control,Competitive - Role Queue,23.5,0.488
Mizuki,Samoa,Control,Competitive - Role Queue,15.8,0.523
Moira,Samoa,Control,Competitive - Role Queue,20.8,0.502
Orisa,Samoa,Control,Competitive - Role Queue,9.8,0.467
Pharah,Samoa,Control,Competitive - Role Queue,3.7,0.532
Reaper,Samoa,Control,Competitive - Role Queue,8.6,0.5379999999999999
Reinhardt,Samoa,Control,Competitive - Role Queue,10.9,0.5429999999999999
Roadhog,Samoa,Control,Competitive - Role Queue,8.3,0.457
Sigma,Samoa,Control,Competitive - Role Queue,8.5,0.507
Sojourn,Samoa,Control,Competitive - Role Queue,5.4,0.433
Soldier: 76,Samoa,Control,Competitive - Role Queue,11.6,0.489
Sombra,Samoa,Control,Competitive - Role Queue,4.1,0.467
Symmetra,Samoa,Control,Competitive - Role Queue,2.3,0.541
Torbjörn,Samoa,Control,Competitive - Role Queue,3.4,0.551
Tracer,Samoa,Control,Competitive - Role Queue,4.4,0.498
Vendetta,Samoa,Control,Competitive - Role Queue,3.8,0.469
Venture,Samoa,Control,Competitive - Role Queue,2.6,0.524
Widowmaker,Samoa,Control,Competitive - Role Queue,5.3,0.451
Winston,Samoa,Control,Competitive - Role Queue,4.6,0.5329999999999999
Wrecking Ball,Samoa,Control,Competitive - Role Queue,3.1,0.505
Wuyang,Samoa,Control,Competitive - Role Queue,9.1,0.501
Zarya,Samoa,Control,Competitive - Role Queue,4.3,0.46799999999999997
Zenyatta,Samoa,Control,Competitive - Role Queue,11.2,0.545
Sierra,Antarctic Peninsula,Control,Competitive - Role Queue,52.9,0.526
Ramattra,Antarctic Peninsula,Control,Competitive - Role Queue,10.3,0.517
Ana,Antarctic Peninsula,Control,Competitive - Role Queue,21.4,0.457
Anran,Antarctic Peninsula,Control,Competitive - Role Queue,12.6,0.5329999999999999
Ashe,Antarctic Peninsula,Control,Competitive - Role Queue,8.7,0.493
Baptiste,Antarctic Peninsula,Control,Competitive - Role Queue,5.1,0.446
Bastion,Antarctic Peninsula,Control,Competitive - Role Queue,9.7,0.475
Brigitte,Antarctic Peninsula,Control,Competitive - Role Queue,5.9,0.5429999999999999
Cassidy,Antarctic Peninsula,Control,Competitive - Role Queue,10.8,0.47200000000000003
D.Va,Antarctic Peninsula,Control,Competitive - Role Queue,10.0,0.47200000000000003
Domina,Antarctic Peninsula,Control,Competitive - Role Queue,8.4,0.506
Doomfist,Antarctic Peninsula,Control,Competitive - Role Queue,6.2,0.49200000000000005
Echo,Antarctic Peninsula,Control,Competitive - Role Queue,4.8,0.491
Emre,Antarctic Peninsula,Control,Competitive - Role Queue,10.2,0.48
Freja,Antarctic Peninsula,Control,Competitive - Role Queue,3.9,0.449
Genji,Antarctic Peninsula,Control,Competitive - Role Queue,11.3,0.511
Hanzo,Antarctic Peninsula,Control,Competitive - Role Queue,6.4,0.484
Hazard,Antarctic Peninsula,Control,Competitive - Role Queue,4.5,0.523
Illari,Antarctic Peninsula,Control,Competitive - Role Queue,9.2,0.525
Jetpack Cat,Antarctic Peninsula,Control,Competitive - Role Queue,11.0,0.485
Junker Queen,Antarctic Peninsula,Control,Competitive - Role Queue,5.0,0.523
Junkrat,Antarctic Peninsula,Control,Competitive - Role Queue,8.2,0.504
Juno,Antarctic Peninsula,Control,Competitive - Role Queue,21.2,0.506
Kiriko,Antarctic Peninsula,Control,Competitive - Role Queue,22.5,0.48200000000000004
Lifeweaver,Antarctic Peninsula,Control,Competitive - Role Queue,14.9,0.506
Lúcio,Antarctic Peninsula,Control,Competitive - Role Queue,8.5,0.525
Mauga,Antarctic Peninsula,Control,Competitive - Role Queue,6.3,0.502
Mei,Antarctic Peninsula,Control,Competitive - Role Queue,5.5,0.525
Mercy,Antarctic Peninsula,Control,Competitive - Role Queue,23.5,0.488
Mizuki,Antarctic Peninsula,Control,Competitive - Role Queue,15.8,0.523
Moira,Antarctic Peninsula,Control,Competitive - Role Queue,20.8,0.502
Orisa,Antarctic Peninsula,Control,Competitive - Role Queue,9.8,0.467
Pharah,Antarctic Peninsula,Control,Competitive - Role Queue,3.7,0.532
Reaper,Antarctic Peninsula,Control,Competitive - Role Queue,8.6,0.5379999999999999
Reinhardt,Antarctic Peninsula,Control,Competitive - Role Queue,10.9,0.5429999999999999
Roadhog,Antarctic Peninsula,Control,Competitive - Role Queue,8.3,0.457
Sigma,Antarctic Peninsula,Control,Competitive - Role Queue,8.5,0.507
Sojourn,Antarctic Peninsula,Control,Competitive - Role Queue,5.4,0.433
Soldier: 76,Antarctic Peninsula,Control,Competitive - Role Queue,11.6,0.489
Sombra,Antarctic Peninsula,Control,Competitive - Role Queue,4.1,0.467
Symmetra,Antarctic Peninsula,Control,Competitive - Role Queue,2.3,0.541
Torbjörn,Antarctic Peninsula,Control,Competitive - Role Queue,3.4,0.551
Tracer,Antarctic Peninsula,Control,Competitive - Role Queue,4.4,0.498
Vendetta,Antarctic Peninsula,Control,Competitive - Role Queue,3.8,0.469
Venture,Antarctic Peninsula,Control,Competitive - Role Queue,2.6,0.524
Widowmaker,Antarctic Peninsula,Control,Competitive - Role Queue,5.3,0.451
Winston,Antarctic Peninsula,Control,Competitive - Role Queue,4.6,0.5329999999999999
Wrecking Ball,Antarctic Peninsula,Control,Competitive - Role Queue,3.1,0.505
Wuyang,Antarctic Peninsula,Control,Competitive - Role Queue,9.1,0.501
Zarya,Antarctic Peninsula,Control,Competitive - Role Queue,4.3,0.46799999999999997
Zenyatta,Antarctic Peninsula,Control,Competitive - Role Queue,11.2,0.545
Sierra,Circuit Royal,Escort,Competitive - Role Queue,52.9,0.526
Ramattra,Circuit Royal,Escort,Competitive - Role Queue,10.3,0.517
Ana,Circuit Royal,Escort,Competitive - Role Queue,21.4,0.457
Anran,Circuit Royal,Escort,Competitive - Role Queue,12.6,0.5329999999999999
Ashe,Circuit Royal,Escort,Competitive - Role Queue,8.7,0.493
Baptiste,Circuit Royal,Escort,Competitive - Role Queue,5.1,0.446
Bastion,Circuit Royal,Escort,Competitive - Role Queue,9.7,0.475
Brigitte,Circuit Royal,Escort,Competitive - Role Queue,5.9,0.5429999999999999
Cassidy,Circuit Royal,Escort,Competitive - Role Queue,10.8,0.47200000000000003
D.Va,Circuit Royal,Escort,Competitive - Role Queue,10.0,0.47200000000000003
Domina,Circuit Royal,Escort,Competitive - Role Queue,8.4,0.506
Doomfist,Circuit Royal,Escort,Competitive - Role Queue,6.2,0.49200000000000005
Echo,Circuit Royal,Escort,Competitive - Role Queue,4.8,0.491
Emre,Circuit Royal,Escort,Competitive - Role Queue,10.2,0.48
Freja,Circuit Royal,Escort,Competitive - Role Queue,3.9,0.449
Genji,Circuit Royal,Escort,Competitive - Role Queue,11.3,0.511
Hanzo,Circuit Royal,Escort,Competitive - Role Queue,6.4,0.484
Hazard,Circuit Royal,Escort,Competitive - Role Queue,4.5,0.523
Illari,Circuit Royal,Escort,Competitive - Role Queue,9.2,0.525
Jetpack Cat,Circuit Royal,Escort,Competitive - Role Queue,11.0,0.485
Junker Queen,Circuit Royal,Escort,Competitive - Role Queue,5.0,0.523
Junkrat,Circuit Royal,Escort,Competitive - Role Queue,8.2,0.504
Juno,Circuit Royal,Escort,Competitive - Role Queue,21.2,0.506
Kiriko,Circuit Royal,Escort,Competitive - Role Queue,22.5,0.48200000000000004
Lifeweaver,Circuit Royal,Escort,Competitive - Role Queue,14.9,0.506
Lúcio,Circuit Royal,Escort,Competitive - Role Queue,8.5,0.525
Mauga,Circuit Royal,Escort,Competitive - Role Queue,6.3,0.502
Mei,Circuit Royal,Escort,Competitive - Role Queue,5.5,0.525
Mercy,Circuit Royal,Escort,Competitive - Role Queue,23.5,0.488
Mizuki,Circuit Royal,Escort,Competitive - Role Queue,15.8,0.523
Moira,Circuit Royal,Escort,Competitive - Role Queue,20.8,0.502
Orisa,Circuit Royal,Escort,Competitive - Role Queue,9.8,0.467
Pharah,Circuit Royal,Escort,Competitive - Role Queue,3.7,0.532
Reaper,Circuit Royal,Escort,Competitive - Role Queue,8.6,0.5379999999999999
Reinhardt,Circuit Royal,Escort,Competitive - Role Queue,10.9,0.5429999999999999
Roadhog,Circuit Royal,Escort,Competitive - Role Queue,8.3,0.457
Sigma,Circuit Royal,Escort,Competitive - Role Queue,8.5,0.507
Sojourn,Circuit Royal,Escort,Competitive - Role Queue,5.4,0.433
Soldier: 76,Circuit Royal,Escort,Competitive - Role Queue,11.6,0.489
Sombra,Circuit Royal,Escort,Competitive - Role Queue,4.1,0.467
Symmetra,Circuit Royal,Escort,Competitive - Role Queue,2.3,0.541
Torbjörn,Circuit Royal,Escort,Competitive - Role Queue,3.4,0.551
Tracer,Circuit Royal,Escort,Competitive - Role Queue,4.4,0.498
Vendetta,Circuit Royal,Escort,Competitive - Role Queue,3.8,0.469
Venture,Circuit Royal,Escort,Competitive - Role Queue,2.6,0.524
Widowmaker,Circuit Royal,Escort,Competitive - Role Queue,5.3,0.451
Winston,Circuit Royal,Escort,Competitive - Role Queue,4.6,0.5329999999999999
Wrecking Ball,Circuit Royal,Escort,Competitive - Role Queue,3.1,0.505
Wuyang,Circuit Royal,Escort,Competitive - Role Queue,9.1,0.501
Zarya,Circuit Royal,Escort,Competitive - Role Queue,4.3,0.46799999999999997
Zenyatta,Circuit Royal,Escort,Competitive - Role Queue,11.2,0.545
Sierra,Dorado,Escort,Competitive - Role Queue,52.9,0.526
Ramattra,Dorado,Escort,Competitive - Role Queue,10.3,0.517
Ana,Dorado,Escort,Competitive - Role Queue,21.4,0.457
Anran,Dorado,Escort,Competitive - Role Queue,12.6,0.5329999999999999
Ashe,Dorado,Escort,Competitive - Role Queue,8.7,0.493
Baptiste,Dorado,Escort,Competitive - Role Queue,5.1,0.446
Bastion,Dorado,Escort,Competitive - Role Queue,9.7,0.475
Brigitte,Dorado,Escort,Competitive - Role Queue,5.9,0.5429999999999999
Cassidy,Dorado,Escort,Competitive - Role Queue,10.8,0.47200000000000003
D.Va,Dorado,Escort,Competitive - Role Queue,10.0,0.47200000000000003
Domina,Dorado,Escort,Competitive - Role Queue,8.4,0.506
Doomfist,Dorado,Escort,Competitive - Role Queue,6.2,0.49200000000000005
Echo,Dorado,Escort,Competitive - Role Queue,4.8,0.491
Emre,Dorado,Escort,Competitive - Role Queue,10.2,0.48
Freja,Dorado,Escort,Competitive - Role Queue,3.9,0.449
Genji,Dorado,Escort,Competitive - Role Queue,11.3,0.511
Hanzo,Dorado,Escort,Competitive - Role Queue,6.4,0.484
Hazard,Dorado,Escort,Competitive - Role Queue,4.5,0.523
Illari,Dorado,Escort,Competitive - Role Queue,9.2,0.525
Jetpack Cat,Dorado,Escort,Competitive - Role Queue,11.0,0.485
Junker Queen,Dorado,Escort,Competitive - Role Queue,5.0,0.523
Junkrat,Dorado,Escort,Competitive - Role Queue,8.2,0.504
Juno,Dorado,Escort,Competitive - Role Queue,21.2,0.506
Kiriko,Dorado,Escort,Competitive - Role Queue,22.5,0.48200000000000004
Lifeweaver,Dorado,Escort,Competitive - Role Queue,14.9,0.506
Lúcio,Dorado,Escort,Competitive - Role Queue,8.5,0.525
Mauga,Dorado,Escort,Competitive - Role Queue,6.3,0.502
Mei,Dorado,Escort,Competitive - Role Queue,5.5,0.525
Mercy,Dorado,Escort,Competitive - Role Queue,23.5,0.488
Mizuki,Dorado,Escort,Competitive - Role Queue,15.8,0.523
Moira,Dorado,Escort,Competitive - Role Queue,20.8,0.502
Orisa,Dorado,Escort,Competitive - Role Queue,9.8,0.467
Pharah,Dorado,Escort,Competitive - Role Queue,3.7,0.532
Reaper,Dorado,Escort,Competitive - Role Queue,8.6,0.5379999999999999
Reinhardt,Dorado,Escort,Competitive - Role Queue,10.9,0.5429999999999999
Roadhog,Dorado,Escort,Competitive - Role Queue,8.3,0.457
Sigma,Dorado,Escort,Competitive - Role Queue,8.5,0.507
Sojourn,Dorado,Escort,Competitive - Role Queue,5.4,0.433
Soldier: 76,Dorado,Escort,Competitive - Role Queue,11.6,0.489
Sombra,Dorado,Escort,Competitive - Role Queue,4.1,0.467
Symmetra,Dorado,Escort,Competitive - Role Queue,2.3,0.541
Torbjörn,Dorado,Escort,Competitive - Role Queue,3.4,0.551
Tracer,Dorado,Escort,Competitive - Role Queue,4.4,0.498
Vendetta,Dorado,Escort,Competitive - Role Queue,3.8,0.469
Venture,Dorado,Escort,Competitive - Role Queue,2.6,0.524
Widowmaker,Dorado,Escort,Competitive - Role Queue,5.3,0.451
Winston,Dorado,Escort,Competitive - Role Queue,4.6,0.5329999999999999
Wrecking Ball,Dorado,Escort,Competitive - Role Queue,3.1,0.505
Wuyang,Dorado,Escort,Competitive - Role Queue,9.1,0.501
Zarya,Dorado,Escort,Competitive - Role Queue,4.3,0.46799999999999997
Zenyatta,Dorado,Escort,Competitive - Role Queue,11.2,0.545
Sierra,Havana,Escort,Competitive - Role Queue,52.9,0.526
Ramattra,Havana,Escort,Competitive - Role Queue,10.3,0.517
Ana,Havana,Escort,Competitive - Role Queue,21.4,0.457
Anran,Havana,Escort,Competitive - Role Queue,12.6,0.5329999999999999
Ashe,Havana,Escort,Competitive - Role Queue,8.7,0.493
Baptiste,Havana,Escort,Competitive - Role Queue,5.1,0.446
Bastion,Havana,Escort,Competitive - Role Queue,9.7,0.475
Brigitte,Havana,Escort,Competitive - Role Queue,5.9,0.5429999999999999
Cassidy,Havana,Escort,Competitive - Role Queue,10.8,0.47200000000000003
D.Va,Havana,Escort,Competitive - Role Queue,10.0,0.47200000000000003
Domina,Havana,Escort,Competitive - Role Queue,8.4,0.506
Doomfist,Havana,Escort,Competitive - Role Queue,6.2,0.49200000000000005
Echo,Havana,Escort,Competitive - Role Queue,4.8,0.491
Emre,Havana,Escort,Competitive - Role Queue,10.2,0.48
Freja,Havana,Escort,Competitive - Role Queue,3.9,0.449
Genji,Havana,Escort,Competitive - Role Queue,11.3,0.511
Hanzo,Havana,Escort,Competitive - Role Queue,6.4,0.484
Hazard,Havana,Escort,Competitive - Role Queue,4.5,0.523
Illari,Havana,Escort,Competitive - Role Queue,9.2,0.525
Jetpack Cat,Havana,Escort,Competitive - Role Queue,11.0,0.485
Junker Queen,Havana,Escort,Competitive - Role Queue,5.0,0.523
Junkrat,Havana,Escort,Competitive - Role Queue,8.2,0.504
Juno,Havana,Escort,Competitive - Role Queue,21.2,0.506
Kiriko,Havana,Escort,Competitive - Role Queue,22.5,0.48200000000000004
Lifeweaver,Havana,Escort,Competitive - Role Queue,14.9,0.506
Lúcio,Havana,Escort,Competitive - Role Queue,8.5,0.525
Mauga,Havana,Escort,Competitive - Role Queue,6.3,0.502
Mei,Havana,Escort,Competitive - Role Queue,5.5,0.525
Mercy,Havana,Escort,Competitive - Role Queue,23.5,0.488
Mizuki,Havana,Escort,Competitive - Role Queue,15.8,0.523
Moira,Havana,Escort,Competitive - Role Queue,20.8,0.502
Orisa,Havana,Escort,Competitive - Role Queue,9.8,0.467
Pharah,Havana,Escort,Competitive - Role Queue,3.7,0.532
Reaper,Havana,Escort,Competitive - Role Queue,8.6,0.5379999999999999
Reinhardt,Havana,Escort,Competitive - Role Queue,10.9,0.5429999999999999
Roadhog,Havana,Escort,Competitive - Role Queue,8.3,0.457
Sigma,Havana,Escort,Competitive - Role Queue,8.5,0.507
Sojourn,Havana,Escort,Competitive - Role Queue,5.4,0.433
Soldier: 76,Havana,Escort,Competitive - Role Queue,11.6,0.489
Sombra,Havana,Escort,Competitive - Role Queue,4.1,0.467
Symmetra,Havana,Escort,Competitive - Role Queue,2.3,0.541
Torbjörn,Havana,Escort,Competitive - Role Queue,3.4,0.551
Tracer,Havana,Escort,Competitive - Role Queue,4.4,0.498
Vendetta,Havana,Escort,Competitive - Role Queue,3.8,0.469
Venture,Havana,Escort,Competitive - Role Queue,2.6,0.524
Widowmaker,Havana,Escort,Competitive - Role Queue,5.3,0.451
Winston,Havana,Escort,Competitive - Role Queue,4.6,0.5329999999999999
Wrecking Ball,Havana,Escort,Competitive - Role Queue,3.1,0.505
Wuyang,Havana,Escort,Competitive - Role Queue,9.1,0.501
Zarya,Havana,Escort,Competitive - Role Queue,4.3,0.46799999999999997
Zenyatta,Havana,Escort,Competitive - Role Queue,11.2,0.545
Sierra,Junkertown,Escort,Competitive - Role Queue,52.9,0.526
Ramattra,Junkertown,Escort,Competitive - Role Queue,10.3,0.517
Ana,Junkertown,Escort,Competitive - Role Queue,21.4,0.457
Anran,Junkertown,Escort,Competitive - Role Queue,12.6,0.5329999999999999
Ashe,Junkertown,Escort,Competitive - Role Queue,8.7,0.493
Baptiste,Junkertown,Escort,Competitive - Role Queue,5.1,0.446
Bastion,Junkertown,Escort,Competitive - Role Queue,9.7,0.475
Brigitte,Junkertown,Escort,Competitive - Role Queue,5.9,0.5429999999999999
Cassidy,Junkertown,Escort,Competitive - Role Queue,10.8,0.47200000000000003
D.Va,Junkertown,Escort,Competitive - Role Queue,10.0,0.47200000000000003
Domina,Junkertown,Escort,Competitive - Role Queue,8.4,0.506
Doomfist,Junkertown,Escort,Competitive - Role Queue,6.2,0.49200000000000005
Echo,Junkertown,Escort,Competitive - Role Queue,4.8,0.491
Emre,Junkertown,Escort,Competitive - Role Queue,10.2,0.48
Freja,Junkertown,Escort,Competitive - Role Queue,3.9,0.449
Genji,Junkertown,Escort,Competitive - Role Queue,11.3,0.511
Hanzo,Junkertown,Escort,Competitive - Role Queue,6.4,0.484
Hazard,Junkertown,Escort,Competitive - Role Queue,4.5,0.523
Illari,Junkertown,Escort,Competitive - Role Queue,9.2,0.525
Jetpack Cat,Junkertown,Escort,Competitive - Role Queue,11.0,0.485
Junker Queen,Junkertown,Escort,Competitive - Role Queue,5.0,0.523
Junkrat,Junkertown,Escort,Competitive - Role Queue,8.2,0.504
Juno,Junkertown,Escort,Competitive - Role Queue,21.2,0.506
Kiriko,Junkertown,Escort,Competitive - Role Queue,22.5,0.48200000000000004
Lifeweaver,Junkertown,Escort,Competitive - Role Queue,14.9,0.506
Lúcio,Junkertown,Escort,Competitive - Role Queue,8.5,0.525
Mauga,Junkertown,Escort,Competitive - Role Queue,6.3,0.502
Mei,Junkertown,Escort,Competitive - Role Queue,5.5,0.525
Mercy,Junkertown,Escort,Competitive - Role Queue,23.5,0.488
Mizuki,Junkertown,Escort,Competitive - Role Queue,15.8,0.523
Moira,Junkertown,Escort,Competitive - Role Queue,20.8,0.502
Orisa,Junkertown,Escort,Competitive - Role Queue,9.8,0.467
Pharah,Junkertown,Escort,Competitive - Role Queue,3.7,0.532
Reaper,Junkertown,Escort,Competitive - Role Queue,8.6,0.5379999999999999
Reinhardt,Junkertown,Escort,Competitive - Role Queue,10.9,0.5429999999999999
Roadhog,Junkertown,Escort,Competitive - Role Queue,8.3,0.457
Sigma,Junkertown,Escort,Competitive - Role Queue,8.5,0.507
Sojourn,Junkertown,Escort,Competitive - Role Queue,5.4,0.433
Soldier: 76,Junkertown,Escort,Competitive - Role Queue,11.6,0.489
Sombra,Junkertown,Escort,Competitive - Role Queue,4.1,0.467
Symmetra,Junkertown,Escort,Competitive - Role Queue,2.3,0.541
Torbjörn,Junkertown,Escort,Competitive - Role Queue,3.4,0.551
Tracer,Junkertown,Escort,Competitive - Role Queue,4.4,0.498
Vendetta,Junkertown,Escort,Competitive - Role Queue,3.8,0.469
Venture,Junkertown,Escort,Competitive - Role Queue,2.6,0.524
Widowmaker,Junkertown,Escort,Competitive - Role Queue,5.3,0.451
Winston,Junkertown,Escort,Competitive - Role Queue,4.6,0.5329999999999999
Wrecking Ball,Junkertown,Escort,Competitive - Role Queue,3.1,0.505
Wuyang,Junkertown,Escort,Competitive - Role Queue,9.1,0.501
Zarya,Junkertown,Escort,Competitive - Role Queue,4.3,0.46799999999999997
Zenyatta,Junkertown,Escort,Competitive - Role Queue,11.2,0.545
Sierra,Rialto,Escort,Competitive - Role Queue,52.9,0.526
Ramattra,Rialto,Escort,Competitive - Role Queue,10.3,0.517
Ana,Rialto,Escort,Competitive - Role Queue,21.4,0.457
Anran,Rialto,Escort,Competitive - Role Queue,12.6,0.5329999999999999
Ashe,Rialto,Escort,Competitive - Role Queue,8.7,0.493
Baptiste,Rialto,Escort,Competitive - Role Queue,5.1,0.446
Bastion,Rialto,Escort,Competitive - Role Queue,9.7,0.475
Brigitte,Rialto,Escort,Competitive - Role Queue,5.9,0.5429999999999999
Cassidy,Rialto,Escort,Competitive - Role Queue,10.8,0.47200000000000003
D.Va,Rialto,Escort,Competitive - Role Queue,10.0,0.47200000000000003
Domina,Rialto,Escort,Competitive - Role Queue,8.4,0.506
Doomfist,Rialto,Escort,Competitive - Role Queue,6.2,0.49200000000000005
Echo,Rialto,Escort,Competitive - Role Queue,4.8,0.491
Emre,Rialto,Escort,Competitive - Role Queue,10.2,0.48
Freja,Rialto,Escort,Competitive - Role Queue,3.9,0.449
Genji,Rialto,Escort,Competitive - Role Queue,11.3,0.511
Hanzo,Rialto,Escort,Competitive - Role Queue,6.4,0.484
Hazard,Rialto,Escort,Competitive - Role Queue,4.5,0.523
Illari,Rialto,Escort,Competitive - Role Queue,9.2,0.525
Jetpack Cat,Rialto,Escort,Competitive - Role Queue,11.0,0.485
Junker Queen,Rialto,Escort,Competitive - Role Queue,5.0,0.523
Junkrat,Rialto,Escort,Competitive - Role Queue,8.2,0.504
Juno,Rialto,Escort,Competitive - Role Queue,21.2,0.506
Kiriko,Rialto,Escort,Competitive - Role Queue,22.5,0.48200000000000004
Lifeweaver,Rialto,Escort,Competitive - Role Queue,14.9,0.506
Lúcio,Rialto,Escort,Competitive - Role Queue,8.5,0.525
Mauga,Rialto,Escort,Competitive - Role Queue,6.3,0.502
Mei,Rialto,Escort,Competitive - Role Queue,5.5,0.525
Mercy,Rialto,Escort,Competitive - Role Queue,23.5,0.488
Mizuki,Rialto,Escort,Competitive - Role Queue,15.8,0.523
Moira,Rialto,Escort,Competitive - Role Queue,20.8,0.502
Orisa,Rialto,Escort,Competitive - Role Queue,9.8,0.467
Pharah,Rialto,Escort,Competitive - Role Queue,3.7,0.532
Reaper,Rialto,Escort,Competitive - Role Queue,8.6,0.5379999999999999
Reinhardt,Rialto,Escort,Competitive - Role Queue,10.9,0.5429999999999999
Roadhog,Rialto,Escort,Competitive - Role Queue,8.3,0.457
Sigma,Rialto,Escort,Competitive - Role Queue,8.5,0.507
Sojourn,Rialto,Escort,Competitive - Role Queue,5.4,0.433
Soldier: 76,Rialto,Escort,Competitive - Role Queue,11.6,0.489
Sombra,Rialto,Escort,Competitive - Role Queue,4.1,0.467
Symmetra,Rialto,Escort,Competitive - Role Queue,2.3,0.541
Torbjörn,Rialto,Escort,Competitive - Role Queue,3.4,0.551
Tracer,Rialto,Escort,Competitive - Role Queue,4.4,0.498
Vendetta,Rialto,Escort,Competitive - Role Queue,3.8,0.469
Venture,Rialto,Escort,Competitive - Role Queue,2.6,0.524
Widowmaker,Rialto,Escort,Competitive - Role Queue,5.3,0.451
Winston,Rialto,Escort,Competitive - Role Queue,4.6,0.5329999999999999
Wrecking Ball,Rialto,Escort,Competitive - Role Queue,3.1,0.505
Wuyang,Rialto,Escort,Competitive - Role Queue,9.1,0.501
Zarya,Rialto,Escort,Competitive - Role Queue,4.3,0.46799999999999997
Zenyatta,Rialto,Escort,Competitive - Role Queue,11.2,0.545
Sierra,Route 66,Escort,Competitive - Role Queue,52.9,0.526
Ramattra,Route 66,Escort,Competitive - Role Queue,10.3,0.517
Ana,Route 66,Escort,Competitive - Role Queue,21.4,0.457
Anran,Route 66,Escort,Competitive - Role Queue,12.6,0.5329999999999999
Ashe,Route 66,Escort,Competitive - Role Queue,8.7,0.493
Baptiste,Route 66,Escort,Competitive - Role Queue,5.1,0.446
Bastion,Route 66,Escort,Competitive - Role Queue,9.7,0.475
Brigitte,Route 66,Escort,Competitive - Role Queue,5.9,0.5429999999999999
Cassidy,Route 66,Escort,Competitive - Role Queue,10.8,0.47200000000000003
D.Va,Route 66,Escort,Competitive - Role Queue,10.0,0.47200000000000003
Domina,Route 66,Escort,Competitive - Role Queue,8.4,0.506
Doomfist,Route 66,Escort,Competitive - Role Queue,6.2,0.49200000000000005
Echo,Route 66,Escort,Competitive - Role Queue,4.8,0.491
Emre,Route 66,Escort,Competitive - Role Queue,10.2,0.48
Freja,Route 66,Escort,Competitive - Role Queue,3.9,0.449
Genji,Route 66,Escort,Competitive - Role Queue,11.3,0.511
Hanzo,Route 66,Escort,Competitive - Role Queue,6.4,0.484
Hazard,Route 66,Escort,Competitive - Role Queue,4.5,0.523
Illari,Route 66,Escort,Competitive - Role Queue,9.2,0.525
Jetpack Cat,Route 66,Escort,Competitive - Role Queue,11.0,0.485
Junker Queen,Route 66,Escort,Competitive - Role Queue,5.0,0.523
Junkrat,Route 66,Escort,Competitive - Role Queue,8.2,0.504
Juno,Route 66,Escort,Competitive - Role Queue,21.2,0.506
Kiriko,Route 66,Escort,Competitive - Role Queue,22.5,0.48200000000000004
Lifeweaver,Route 66,Escort,Competitive - Role Queue,14.9,0.506
Lúcio,Route 66,Escort,Competitive - Role Queue,8.5,0.525
Mauga,Route 66,Escort,Competitive - Role Queue,6.3,0.502
Mei,Route 66,Escort,Competitive - Role Queue,5.5,0.525
Mercy,Route 66,Escort,Competitive - Role Queue,23.5,0.488
Mizuki,Route 66,Escort,Competitive - Role Queue,15.8,0.523
Moira,Route 66,Escort,Competitive - Role Queue,20.8,0.502
Orisa,Route 66,Escort,Competitive - Role Queue,9.8,0.467
Pharah,Route 66,Escort,Competitive - Role Queue,3.7,0.532
Reaper,Route 66,Escort,Competitive - Role Queue,8.6,0.5379999999999999
Reinhardt,Route 66,Escort,Competitive - Role Queue,10.9,0.5429999999999999
Roadhog,Route 66,Escort,Competitive - Role Queue,8.3,0.457
Sigma,Route 66,Escort,Competitive - Role Queue,8.5,0.507
Sojourn,Route 66,Escort,Competitive - Role Queue,5.4,0.433
Soldier: 76,Route 66,Escort,Competitive - Role Queue,11.6,0.489
Sombra,Route 66,Escort,Competitive - Role Queue,4.1,0.467
Symmetra,Route 66,Escort,Competitive - Role Queue,2.3,0.541
Torbjörn,Route 66,Escort,Competitive - Role Queue,3.4,0.551
Tracer,Route 66,Escort,Competitive - Role Queue,4.4,0.498
Vendetta,Route 66,Escort,Competitive - Role Queue,3.8,0.469
Venture,Route 66,Escort,Competitive - Role Queue,2.6,0.524
Widowmaker,Route 66,Escort,Competitive - Role Queue,5.3,0.451
Winston,Route 66,Escort,Competitive - Role Queue,4.6,0.5329999999999999
Wrecking Ball,Route 66,Escort,Competitive - Role Queue,3.1,0.505
Wuyang,Route 66,Escort,Competitive - Role Queue,9.1,0.501
Zarya,Route 66,Escort,Competitive - Role Queue,4.3,0.46799999999999997
Zenyatta,Route 66,Escort,Competitive - Role Queue,11.2,0.545
Sierra,Shambali Monastery,Escort,Competitive - Role Queue,52.9,0.526
Ramattra,Shambali Monastery,Escort,Competitive - Role Queue,10.3,0.517
Ana,Shambali Monastery,Escort,Competitive - Role Queue,21.4,0.457
Anran,Shambali Monastery,Escort,Competitive - Role Queue,12.6,0.5329999999999999
Ashe,Shambali Monastery,Escort,Competitive - Role Queue,8.7,0.493
Baptiste,Shambali Monastery,Escort,Competitive - Role Queue,5.1,0.446
Bastion,Shambali Monastery,Escort,Competitive - Role Queue,9.7,0.475
Brigitte,Shambali Monastery,Escort,Competitive - Role Queue,5.9,0.5429999999999999
Cassidy,Shambali Monastery,Escort,Competitive - Role Queue,10.8,0.47200000000000003
D.Va,Shambali Monastery,Escort,Competitive - Role Queue,10.0,0.47200000000000003
Domina,Shambali Monastery,Escort,Competitive - Role Queue,8.4,0.506
Doomfist,Shambali Monastery,Escort,Competitive - Role Queue,6.2,0.49200000000000005
Echo,Shambali Monastery,Escort,Competitive - Role Queue,4.8,0.491
Emre,Shambali Monastery,Escort,Competitive - Role Queue,10.2,0.48
Freja,Shambali Monastery,Escort,Competitive - Role Queue,3.9,0.449
Genji,Shambali Monastery,Escort,Competitive - Role Queue,11.3,0.511
Hanzo,Shambali Monastery,Escort,Competitive - Role Queue,6.4,0.484
Hazard,Shambali Monastery,Escort,Competitive - Role Queue,4.5,0.523
Illari,Shambali Monastery,Escort,Competitive - Role Queue,9.2,0.525
Jetpack Cat,Shambali Monastery,Escort,Competitive - Role Queue,11.0,0.485
Junker Queen,Shambali Monastery,Escort,Competitive - Role Queue,5.0,0.523
Junkrat,Shambali Monastery,Escort,Competitive - Role Queue,8.2,0.504
Juno,Shambali Monastery,Escort,Competitive - Role Queue,21.2,0.506
Kiriko,Shambali Monastery,Escort,Competitive - Role Queue,22.5,0.48200000000000004
Lifeweaver,Shambali Monastery,Escort,Competitive - Role Queue,14.9,0.506
Lúcio,Shambali Monastery,Escort,Competitive - Role Queue,8.5,0.525
Mauga,Shambali Monastery,Escort,Competitive - Role Queue,6.3,0.502
Mei,Shambali Monastery,Escort,Competitive - Role Queue,5.5,0.525
Mercy,Shambali Monastery,Escort,Competitive - Role Queue,23.5,0.488
Mizuki,Shambali Monastery,Escort,Competitive - Role Queue,15.8,0.523
Moira,Shambali Monastery,Escort,Competitive - Role Queue,20.8,0.502
Orisa,Shambali Monastery,Escort,Competitive - Role Queue,9.8,0.467
Pharah,Shambali Monastery,Escort,Competitive - Role Queue,3.7,0.532
Reaper,Shambali Monastery,Escort,Competitive - Role Queue,8.6,0.5379999999999999
Reinhardt,Shambali Monastery,Escort,Competitive - Role Queue,10.9,0.5429999999999999
Roadhog,Shambali Monastery,Escort,Competitive - Role Queue,8.3,0.457
Sigma,Shambali Monastery,Escort,Competitive - Role Queue,8.5,0.507
Sojourn,Shambali Monastery,Escort,Competitive - Role Queue,5.4,0.433
Soldier: 76,Shambali Monastery,Escort,Competitive - Role Queue,11.6,0.489
Sombra,Shambali Monastery,Escort,Competitive - Role Queue,4.1,0.467
Symmetra,Shambali Monastery,Escort,Competitive - Role Queue,2.3,0.541
Torbjörn,Shambali Monastery,Escort,Competitive - Role Queue,3.4,0.551
Tracer,Shambali Monastery,Escort,Competitive - Role Queue,4.4,0.498
Vendetta,Shambali Monastery,Escort,Competitive - Role Queue,3.8,0.469
Venture,Shambali Monastery,Escort,Competitive - Role Queue,2.6,0.524
Widowmaker,Shambali Monastery,Escort,Competitive - Role Queue,5.3,0.451
Winston,Shambali Monastery,Escort,Competitive - Role Queue,4.6,0.5329999999999999
Wrecking Ball,Shambali Monastery,Escort,Competitive - Role Queue,3.1,0.505
Wuyang,Shambali Monastery,Escort,Competitive - Role Queue,9.1,0.501
Zarya,Shambali Monastery,Escort,Competitive - Role Queue,4.3,0.46799999999999997
Zenyatta,Shambali Monastery,Escort,Competitive - Role Queue,11.2,0.545
Sierra,Watchpoint: Gibraltar,Escort,Competitive - Role Queue,52.9,0.526
Ramattra,Watchpoint: Gibraltar,Escort,Competitive - Role Queue,10.3,0.517
Ana,Watchpoint: Gibraltar,Escort,Competitive - Role Queue,21.4,0.457
Anran,Watchpoint: Gibraltar,Escort,Competitive - Role Queue,12.6,0.5329999999999999
Ashe,Watchpoint: Gibraltar,Escort,Competitive - Role Queue,8.7,0.493
Baptiste,Watchpoint: Gibraltar,Escort,Competitive - Role Queue,5.1,0.446
Bastion,Watchpoint: Gibraltar,Escort,Competitive - Role Queue,9.7,0.475
Brigitte,Watchpoint: Gibraltar,Escort,Competitive - Role Queue,5.9,0.5429999999999999
Cassidy,Watchpoint: Gibraltar,Escort,Competitive - Role Queue,10.8,0.47200000000000003
D.Va,Watchpoint: Gibraltar,Escort,Competitive - Role Queue,10.0,0.47200000000000003
Domina,Watchpoint: Gibraltar,Escort,Competitive - Role Queue,8.4,0.506
Doomfist,Watchpoint: Gibraltar,Escort,Competitive - Role Queue,6.2,0.49200000000000005
Echo,Watchpoint: Gibraltar,Escort,Competitive - Role Queue,4.8,0.491
Emre,Watchpoint: Gibraltar,Escort,Competitive - Role Queue,10.2,0.48
Freja,Watchpoint: Gibraltar,Escort,Competitive - Role Queue,3.9,0.449
Genji,Watchpoint: Gibraltar,Escort,Competitive - Role Queue,11.3,0.511
Hanzo,Watchpoint: Gibraltar,Escort,Competitive - Role Queue,6.4,0.484
Hazard,Watchpoint: Gibraltar,Escort,Competitive - Role Queue,4.5,0.523
Illari,Watchpoint: Gibraltar,Escort,Competitive - Role Queue,9.2,0.525
Jetpack Cat,Watchpoint: Gibraltar,Escort,Competitive - Role Queue,11.0,0.485
Junker Queen,Watchpoint: Gibraltar,Escort,Competitive - Role Queue,5.0,0.523
Junkrat,Watchpoint: Gibraltar,Escort,Competitive - Role Queue,8.2,0.504
Juno,Watchpoint: Gibraltar,Escort,Competitive - Role Queue,21.2,0.506
Kiriko,Watchpoint: Gibraltar,Escort,Competitive - Role Queue,22.5,0.48200000000000004
Lifeweaver,Watchpoint: Gibraltar,Escort,Competitive - Role Queue,14.9,0.506
Lúcio,Watchpoint: Gibraltar,Escort,Competitive - Role Queue,8.5,0.525
Mauga,Watchpoint: Gibraltar,Escort,Competitive - Role Queue,6.3,0.502
Mei,Watchpoint: Gibraltar,Escort,Competitive - Role Queue,5.5,0.525
Mercy,Watchpoint: Gibraltar,Escort,Competitive - Role Queue,23.5,0.488
Mizuki,Watchpoint: Gibraltar,Escort,Competitive - Role Queue,15.8,0.523
Moira,Watchpoint: Gibraltar,Escort,Competitive - Role Queue,20.8,0.502
Orisa,Watchpoint: Gibraltar,Escort,Competitive - Role Queue,9.8,0.467
Pharah,Watchpoint: Gibraltar,Escort,Competitive - Role Queue,3.7,0.532
Reaper,Watchpoint: Gibraltar,Escort,Competitive - Role Queue,8.6,0.5379999999999999
Reinhardt,Watchpoint: Gibraltar,Escort,Competitive - Role Queue,10.9,0.5429999999999999
Roadhog,Watchpoint: Gibraltar,Escort,Competitive - Role Queue,8.3,0.457
Sigma,Watchpoint: Gibraltar,Escort,Competitive - Role Queue,8.5,0.507
Sojourn,Watchpoint: Gibraltar,Escort,Competitive - Role Queue,5.4,0.433
Soldier: 76,Watchpoint: Gibraltar,Escort,Competitive - Role Queue,11.6,0.489
Sombra,Watchpoint: Gibraltar,Escort,Competitive - Role Queue,4.1,0.467
Symmetra,Watchpoint: Gibraltar,Escort,Competitive - Role Queue,2.3,0.541
Torbjörn,Watchpoint: Gibraltar,Escort,Competitive - Role Queue,3.4,0.551
Tracer,Watchpoint: Gibraltar,Escort,Competitive - Role Queue,4.4,0.498
Vendetta,Watchpoint: Gibraltar,Escort,Competitive - Role Queue,3.8,0.469
Venture,Watchpoint: Gibraltar,Escort,Competitive - Role Queue,2.6,0.524
Widowmaker,Watchpoint: Gibraltar,Escort,Competitive - Role Queue,5.3,0.451
Winston,Watchpoint: Gibraltar,Escort,Competitive - Role Queue,4.6,0.5329999999999999
Wrecking Ball,Watchpoint: Gibraltar,Escort,Competitive - Role Queue,3.1,0.505
Wuyang,Watchpoint: Gibraltar,Escort,Competitive - Role Queue,9.1,0.501
Zarya,Watchpoint: Gibraltar,Escort,Competitive - Role Queue,4.3,0.46799999999999997
Zenyatta,Watchpoint: Gibraltar,Escort,Competitive - Role Queue,11.2,0.545
Sierra,Blizzard World,Hybrid,Competitive - Role Queue,52.9,0.526
Ramattra,Blizzard World,Hybrid,Competitive - Role Queue,10.3,0.517
Ana,Blizzard World,Hybrid,Competitive - Role Queue,21.4,0.457
Anran,Blizzard World,Hybrid,Competitive - Role Queue,12.6,0.5329999999999999
Ashe,Blizzard World,Hybrid,Competitive - Role Queue,8.7,0.493
Baptiste,Blizzard World,Hybrid,Competitive - Role Queue,5.1,0.446
Bastion,Blizzard World,Hybrid,Competitive - Role Queue,9.7,0.475
Brigitte,Blizzard World,Hybrid,Competitive - Role Queue,5.9,0.5429999999999999
Cassidy,Blizzard World,Hybrid,Competitive - Role Queue,10.8,0.47200000000000003
D.Va,Blizzard World,Hybrid,Competitive - Role Queue,10.0,0.47200000000000003
Domina,Blizzard World,Hybrid,Competitive - Role Queue,8.4,0.506
Doomfist,Blizzard World,Hybrid,Competitive - Role Queue,6.2,0.49200000000000005
Echo,Blizzard World,Hybrid,Competitive - Role Queue,4.8,0.491
Emre,Blizzard World,Hybrid,Competitive - Role Queue,10.2,0.48
Freja,Blizzard World,Hybrid,Competitive - Role Queue,3.9,0.449
Genji,Blizzard World,Hybrid,Competitive - Role Queue,11.3,0.511
Hanzo,Blizzard World,Hybrid,Competitive - Role Queue,6.4,0.484
Hazard,Blizzard World,Hybrid,Competitive - Role Queue,4.5,0.523
Illari,Blizzard World,Hybrid,Competitive - Role Queue,9.2,0.525
Jetpack Cat,Blizzard World,Hybrid,Competitive - Role Queue,11.0,0.485
Junker Queen,Blizzard World,Hybrid,Competitive - Role Queue,5.0,0.523
Junkrat,Blizzard World,Hybrid,Competitive - Role Queue,8.2,0.504
Juno,Blizzard World,Hybrid,Competitive - Role Queue,21.2,0.506
Kiriko,Blizzard World,Hybrid,Competitive - Role Queue,22.5,0.48200000000000004
Lifeweaver,Blizzard World,Hybrid,Competitive - Role Queue,14.9,0.506
Lúcio,Blizzard World,Hybrid,Competitive - Role Queue,8.5,0.525
Mauga,Blizzard World,Hybrid,Competitive - Role Queue,6.3,0.502
Mei,Blizzard World,Hybrid,Competitive - Role Queue,5.5,0.525
Mercy,Blizzard World,Hybrid,Competitive - Role Queue,23.5,0.488
Mizuki,Blizzard World,Hybrid,Competitive - Role Queue,15.8,0.523
Moira,Blizzard World,Hybrid,Competitive - Role Queue,20.8,0.502
Orisa,Blizzard World,Hybrid,Competitive - Role Queue,9.8,0.467
Pharah,Blizzard World,Hybrid,Competitive - Role Queue,3.7,0.532
Reaper,Blizzard World,Hybrid,Competitive - Role Queue,8.6,0.5379999999999999
Reinhardt,Blizzard World,Hybrid,Competitive - Role Queue,10.9,0.5429999999999999
Roadhog,Blizzard World,Hybrid,Competitive - Role Queue,8.3,0.457
Sigma,Blizzard World,Hybrid,Competitive - Role Queue,8.5,0.507
Sojourn,Blizzard World,Hybrid,Competitive - Role Queue,5.4,0.433
Soldier: 76,Blizzard World,Hybrid,Competitive - Role Queue,11.6,0.489
Sombra,Blizzard World,Hybrid,Competitive - Role Queue,4.1,0.467
Symmetra,Blizzard World,Hybrid,Competitive - Role Queue,2.3,0.541
Torbjörn,Blizzard World,Hybrid,Competitive - Role Queue,3.4,0.551
Tracer,Blizzard World,Hybrid,Competitive - Role Queue,4.4,0.498
Vendetta,Blizzard World,Hybrid,Competitive - Role Queue,3.8,0.469
Venture,Blizzard World,Hybrid,Competitive - Role Queue,2.6,0.524
Widowmaker,Blizzard World,Hybrid,Competitive - Role Queue,5.3,0.451
Winston,Blizzard World,Hybrid,Competitive - Role Queue,4.6,0.5329999999999999
Wrecking Ball,Blizzard World,Hybrid,Competitive - Role Queue,3.1,0.505
Wuyang,Blizzard World,Hybrid,Competitive - Role Queue,9.1,0.501
Zarya,Blizzard World,Hybrid,Competitive - Role Queue,4.3,0.46799999999999997
Zenyatta,Blizzard World,Hybrid,Competitive - Role Queue,11.2,0.545
Sierra,Eichenwalde,Hybrid,Competitive - Role Queue,52.9,0.526
Ramattra,Eichenwalde,Hybrid,Competitive - Role Queue,10.3,0.517
Ana,Eichenwalde,Hybrid,Competitive - Role Queue,21.4,0.457
Anran,Eichenwalde,Hybrid,Competitive - Role Queue,12.6,0.5329999999999999
Ashe,Eichenwalde,Hybrid,Competitive - Role Queue,8.7,0.493
Baptiste,Eichenwalde,Hybrid,Competitive - Role Queue,5.1,0.446
Bastion,Eichenwalde,Hybrid,Competitive - Role Queue,9.7,0.475
Brigitte,Eichenwalde,Hybrid,Competitive - Role Queue,5.9,0.5429999999999999
Cassidy,Eichenwalde,Hybrid,Competitive - Role Queue,10.8,0.47200000000000003
D.Va,Eichenwalde,Hybrid,Competitive - Role Queue,10.0,0.47200000000000003
Domina,Eichenwalde,Hybrid,Competitive - Role Queue,8.4,0.506
Doomfist,Eichenwalde,Hybrid,Competitive - Role Queue,6.2,0.49200000000000005
Echo,Eichenwalde,Hybrid,Competitive - Role Queue,4.8,0.491
Emre,Eichenwalde,Hybrid,Competitive - Role Queue,10.2,0.48
Freja,Eichenwalde,Hybrid,Competitive - Role Queue,3.9,0.449
Genji,Eichenwalde,Hybrid,Competitive - Role Queue,11.3,0.511
Hanzo,Eichenwalde,Hybrid,Competitive - Role Queue,6.4,0.484
Hazard,Eichenwalde,Hybrid,Competitive - Role Queue,4.5,0.523
Illari,Eichenwalde,Hybrid,Competitive - Role Queue,9.2,0.525
Jetpack Cat,Eichenwalde,Hybrid,Competitive - Role Queue,11.0,0.485
Junker Queen,Eichenwalde,Hybrid,Competitive - Role Queue,5.0,0.523
Junkrat,Eichenwalde,Hybrid,Competitive - Role Queue,8.2,0.504
Juno,Eichenwalde,Hybrid,Competitive - Role Queue,21.2,0.506
Kiriko,Eichenwalde,Hybrid,Competitive - Role Queue,22.5,0.48200000000000004
Lifeweaver,Eichenwalde,Hybrid,Competitive - Role Queue,14.9,0.506
Lúcio,Eichenwalde,Hybrid,Competitive - Role Queue,8.5,0.525
Mauga,Eichenwalde,Hybrid,Competitive - Role Queue,6.3,0.502
Mei,Eichenwalde,Hybrid,Competitive - Role Queue,5.5,0.525
Mercy,Eichenwalde,Hybrid,Competitive - Role Queue,23.5,0.488
Mizuki,Eichenwalde,Hybrid,Competitive - Role Queue,15.8,0.523
Moira,Eichenwalde,Hybrid,Competitive - Role Queue,20.8,0.502
Orisa,Eichenwalde,Hybrid,Competitive - Role Queue,9.8,0.467
Pharah,Eichenwalde,Hybrid,Competitive - Role Queue,3.7,0.532
Reaper,Eichenwalde,Hybrid,Competitive - Role Queue,8.6,0.5379999999999999
Reinhardt,Eichenwalde,Hybrid,Competitive - Role Queue,10.9,0.5429999999999999
Roadhog,Eichenwalde,Hybrid,Competitive - Role Queue,8.3,0.457
Sigma,Eichenwalde,Hybrid,Competitive - Role Queue,8.5,0.507
Sojourn,Eichenwalde,Hybrid,Competitive - Role Queue,5.4,0.433
Soldier: 76,Eichenwalde,Hybrid,Competitive - Role Queue,11.6,0.489
Sombra,Eichenwalde,Hybrid,Competitive - Role Queue,4.1,0.467
Symmetra,Eichenwalde,Hybrid,Competitive - Role Queue,2.3,0.541
Torbjörn,Eichenwalde,Hybrid,Competitive - Role Queue,3.4,0.551
Tracer,Eichenwalde,Hybrid,Competitive - Role Queue,4.4,0.498
Vendetta,Eichenwalde,Hybrid,Competitive - Role Queue,3.8,0.469
Venture,Eichenwalde,Hybrid,Competitive - Role Queue,2.6,0.524
Widowmaker,Eichenwalde,Hybrid,Competitive - Role Queue,5.3,0.451
Winston,Eichenwalde,Hybrid,Competitive - Role Queue,4.6,0.5329999999999999
Wrecking Ball,Eichenwalde,Hybrid,Competitive - Role Queue,3.1,0.505
Wuyang,Eichenwalde,Hybrid,Competitive - Role Queue,9.1,0.501
Zarya,Eichenwalde,Hybrid,Competitive - Role Queue,4.3,0.46799999999999997
Zenyatta,Eichenwalde,Hybrid,Competitive - Role Queue,11.2,0.545
Sierra,Hollywood,Hybrid,Competitive - Role Queue,52.9,0.526
Ramattra,Hollywood,Hybrid,Competitive - Role Queue,10.3,0.517
Ana,Hollywood,Hybrid,Competitive - Role Queue,21.4,0.457
Anran,Hollywood,Hybrid,Competitive - Role Queue,12.6,0.5329999999999999
Ashe,Hollywood,Hybrid,Competitive - Role Queue,8.7,0.493
Baptiste,Hollywood,Hybrid,Competitive - Role Queue,5.1,0.446
Bastion,Hollywood,Hybrid,Competitive - Role Queue,9.7,0.475
Brigitte,Hollywood,Hybrid,Competitive - Role Queue,5.9,0.5429999999999999
Cassidy,Hollywood,Hybrid,Competitive - Role Queue,10.8,0.47200000000000003
D.Va,Hollywood,Hybrid,Competitive - Role Queue,10.0,0.47200000000000003
Domina,Hollywood,Hybrid,Competitive - Role Queue,8.4,0.506
Doomfist,Hollywood,Hybrid,Competitive - Role Queue,6.2,0.49200000000000005
Echo,Hollywood,Hybrid,Competitive - Role Queue,4.8,0.491
Emre,Hollywood,Hybrid,Competitive - Role Queue,10.2,0.48
Freja,Hollywood,Hybrid,Competitive - Role Queue,3.9,0.449
Genji,Hollywood,Hybrid,Competitive - Role Queue,11.3,0.511
Hanzo,Hollywood,Hybrid,Competitive - Role Queue,6.4,0.484
Hazard,Hollywood,Hybrid,Competitive - Role Queue,4.5,0.523
Illari,Hollywood,Hybrid,Competitive - Role Queue,9.2,0.525
Jetpack Cat,Hollywood,Hybrid,Competitive - Role Queue,11.0,0.485
Junker Queen,Hollywood,Hybrid,Competitive - Role Queue,5.0,0.523
Junkrat,Hollywood,Hybrid,Competitive - Role Queue,8.2,0.504
Juno,Hollywood,Hybrid,Competitive - Role Queue,21.2,0.506
Kiriko,Hollywood,Hybrid,Competitive - Role Queue,22.5,0.48200000000000004
Lifeweaver,Hollywood,Hybrid,Competitive - Role Queue,14.9,0.506
Lúcio,Hollywood,Hybrid,Competitive - Role Queue,8.5,0.525
Mauga,Hollywood,Hybrid,Competitive - Role Queue,6.3,0.502
Mei,Hollywood,Hybrid,Competitive - Role Queue,5.5,0.525
Mercy,Hollywood,Hybrid,Competitive - Role Queue,23.5,0.488
Mizuki,Hollywood,Hybrid,Competitive - Role Queue,15.8,0.523
Moira,Hollywood,Hybrid,Competitive - Role Queue,20.8,0.502
Orisa,Hollywood,Hybrid,Competitive - Role Queue,9.8,0.467
Pharah,Hollywood,Hybrid,Competitive - Role Queue,3.7,0.532
Reaper,Hollywood,Hybrid,Competitive - Role Queue,8.6,0.5379999999999999
Reinhardt,Hollywood,Hybrid,Competitive - Role Queue,10.9,0.5429999999999999
Roadhog,Hollywood,Hybrid,Competitive - Role Queue,8.3,0.457
Sigma,Hollywood,Hybrid,Competitive - Role Queue,8.5,0.507
Sojourn,Hollywood,Hybrid,Competitive - Role Queue,5.4,0.433
Soldier: 76,Hollywood,Hybrid,Competitive - Role Queue,11.6,0.489
Sombra,Hollywood,Hybrid,Competitive - Role Queue,4.1,0.467
Symmetra,Hollywood,Hybrid,Competitive - Role Queue,2.3,0.541
Torbjörn,Hollywood,Hybrid,Competitive - Role Queue,3.4,0.551
Tracer,Hollywood,Hybrid,Competitive - Role Queue,4.4,0.498
Vendetta,Hollywood,Hybrid,Competitive - Role Queue,3.8,0.469
Venture,Hollywood,Hybrid,Competitive - Role Queue,2.6,0.524
Widowmaker,Hollywood,Hybrid,Competitive - Role Queue,5.3,0.451
Winston,Hollywood,Hybrid,Competitive - Role Queue,4.6,0.5329999999999999
Wrecking Ball,Hollywood,Hybrid,Competitive - Role Queue,3.1,0.505
Wuyang,Hollywood,Hybrid,Competitive - Role Queue,9.1,0.501
Zarya,Hollywood,Hybrid,Competitive - Role Queue,4.3,0.46799999999999997
Zenyatta,Hollywood,Hybrid,Competitive - Role Queue,11.2,0.545
Sierra,King's Row,Hybrid,Competitive - Role Queue,52.9,0.526
Ramattra,King's Row,Hybrid,Competitive - Role Queue,10.3,0.517
Ana,King's Row,Hybrid,Competitive - Role Queue,21.4,0.457
Anran,King's Row,Hybrid,Competitive - Role Queue,12.6,0.5329999999999999
Ashe,King's Row,Hybrid,Competitive - Role Queue,8.7,0.493
Baptiste,King's Row,Hybrid,Competitive - Role Queue,5.1,0.446
Bastion,King's Row,Hybrid,Competitive - Role Queue,9.7,0.475
Brigitte,King's Row,Hybrid,Competitive - Role Queue,5.9,0.5429999999999999
Cassidy,King's Row,Hybrid,Competitive - Role Queue,10.8,0.47200000000000003
D.Va,King's Row,Hybrid,Competitive - Role Queue,10.0,0.47200000000000003
Domina,King's Row,Hybrid,Competitive - Role Queue,8.4,0.506
Doomfist,King's Row,Hybrid,Competitive - Role Queue,6.2,0.49200000000000005
Echo,King's Row,Hybrid,Competitive - Role Queue,4.8,0.491
Emre,King's Row,Hybrid,Competitive - Role Queue,10.2,0.48
Freja,King's Row,Hybrid,Competitive - Role Queue,3.9,0.449
Genji,King's Row,Hybrid,Competitive - Role Queue,11.3,0.511
Hanzo,King's Row,Hybrid,Competitive - Role Queue,6.4,0.484
Hazard,King's Row,Hybrid,Competitive - Role Queue,4.5,0.523
Illari,King's Row,Hybrid,Competitive - Role Queue,9.2,0.525
Jetpack Cat,King's Row,Hybrid,Competitive - Role Queue,11.0,0.485
Junker Queen,King's Row,Hybrid,Competitive - Role Queue,5.0,0.523
Junkrat,King's Row,Hybrid,Competitive - Role Queue,8.2,0.504
Juno,King's Row,Hybrid,Competitive - Role Queue,21.2,0.506
Kiriko,King's Row,Hybrid,Competitive - Role Queue,22.5,0.48200000000000004
Lifeweaver,King's Row,Hybrid,Competitive - Role Queue,14.9,0.506
Lúcio,King's Row,Hybrid,Competitive - Role Queue,8.5,0.525
Mauga,King's Row,Hybrid,Competitive - Role Queue,6.3,0.502
Mei,King's Row,Hybrid,Competitive - Role Queue,5.5,0.525
Mercy,King's Row,Hybrid,Competitive - Role Queue,23.5,0.488
Mizuki,King's Row,Hybrid,Competitive - Role Queue,15.8,0.523
Moira,King's Row,Hybrid,Competitive - Role Queue,20.8,0.502
Orisa,King's Row,Hybrid,Competitive - Role Queue,9.8,0.467
Pharah,King's Row,Hybrid,Competitive - Role Queue,3.7,0.532
Reaper,King's Row,Hybrid,Competitive - Role Queue,8.6,0.5379999999999999
Reinhardt,King's Row,Hybrid,Competitive - Role Queue,10.9,0.5429999999999999
Roadhog,King's Row,Hybrid,Competitive - Role Queue,8.3,0.457
Sigma,King's Row,Hybrid,Competitive - Role Queue,8.5,0.507
Sojourn,King's Row,Hybrid,Competitive - Role Queue,5.4,0.433
Soldier: 76,King's Row,Hybrid,Competitive - Role Queue,11.6,0.489
Sombra,King's Row,Hybrid,Competitive - Role Queue,4.1,0.467
Symmetra,King's Row,Hybrid,Competitive - Role Queue,2.3,0.541
Torbjörn,King's Row,Hybrid,Competitive - Role Queue,3.4,0.551
Tracer,King's Row,Hybrid,Competitive - Role Queue,4.4,0.498
Vendetta,King's Row,Hybrid,Competitive - Role Queue,3.8,0.469
Venture,King's Row,Hybrid,Competitive - Role Queue,2.6,0.524
Widowmaker,King's Row,Hybrid,Competitive - Role Queue,5.3,0.451
Winston,King's Row,Hybrid,Competitive - Role Queue,4.6,0.5329999999999999
Wrecking Ball,King's Row,Hybrid,Competitive - Role Queue,3.1,0.505
Wuyang,King's Row,Hybrid,Competitive - Role Queue,9.1,0.501
Zarya,King's Row,Hybrid,Competitive - Role Queue,4.3,0.46799999999999997
Zenyatta,King's Row,Hybrid,Competitive - Role Queue,11.2,0.545
Sierra,Midtown,Hybrid,Competitive - Role Queue,52.9,0.526
Ramattra,Midtown,Hybrid,Competitive - Role Queue,10.3,0.517
Ana,Midtown,Hybrid,Competitive - Role Queue,21.4,0.457
Anran,Midtown,Hybrid,Competitive - Role Queue,12.6,0.5329999999999999
Ashe,Midtown,Hybrid,Competitive - Role Queue,8.7,0.493
Baptiste,Midtown,Hybrid,Competitive - Role Queue,5.1,0.446
Bastion,Midtown,Hybrid,Competitive - Role Queue,9.7,0.475
Brigitte,Midtown,Hybrid,Competitive - Role Queue,5.9,0.5429999999999999
Cassidy,Midtown,Hybrid,Competitive - Role Queue,10.8,0.47200000000000003
D.Va,Midtown,Hybrid,Competitive - Role Queue,10.0,0.47200000000000003
Domina,Midtown,Hybrid,Competitive - Role Queue,8.4,0.506
Doomfist,Midtown,Hybrid,Competitive - Role Queue,6.2,0.49200000000000005
Echo,Midtown,Hybrid,Competitive - Role Queue,4.8,0.491
Emre,Midtown,Hybrid,Competitive - Role Queue,10.2,0.48
Freja,Midtown,Hybrid,Competitive - Role Queue,3.9,0.449
Genji,Midtown,Hybrid,Competitive - Role Queue,11.3,0.511
Hanzo,Midtown,Hybrid,Competitive - Role Queue,6.4,0.484
Hazard,Midtown,Hybrid,Competitive - Role Queue,4.5,0.523
Illari,Midtown,Hybrid,Competitive - Role Queue,9.2,0.525
Jetpack Cat,Midtown,Hybrid,Competitive - Role Queue,11.0,0.485
Junker Queen,Midtown,Hybrid,Competitive - Role Queue,5.0,0.523
Junkrat,Midtown,Hybrid,Competitive - Role Queue,8.2,0.504
Juno,Midtown,Hybrid,Competitive - Role Queue,21.2,0.506
Kiriko,Midtown,Hybrid,Competitive - Role Queue,22.5,0.48200000000000004
Lifeweaver,Midtown,Hybrid,Competitive - Role Queue,14.9,0.506
Lúcio,Midtown,Hybrid,Competitive - Role Queue,8.5,0.525
Mauga,Midtown,Hybrid,Competitive - Role Queue,6.3,0.502
Mei,Midtown,Hybrid,Competitive - Role Queue,5.5,0.525
Mercy,Midtown,Hybrid,Competitive - Role Queue,23.5,0.488
Mizuki,Midtown,Hybrid,Competitive - Role Queue,15.8,0.523
Moira,Midtown,Hybrid,Competitive - Role Queue,20.8,0.502
Orisa,Midtown,Hybrid,Competitive - Role Queue,9.8,0.467
Pharah,Midtown,Hybrid,Competitive - Role Queue,3.7,0.532
Reaper,Midtown,Hybrid,Competitive - Role Queue,8.6,0.5379999999999999
Reinhardt,Midtown,Hybrid,Competitive - Role Queue,10.9,0.5429999999999999
Roadhog,Midtown,Hybrid,Competitive - Role Queue,8.3,0.457
Sigma,Midtown,Hybrid,Competitive - Role Queue,8.5,0.507
Sojourn,Midtown,Hybrid,Competitive - Role Queue,5.4,0.433
Soldier: 76,Midtown,Hybrid,Competitive - Role Queue,11.6,0.489
Sombra,Midtown,Hybrid,Competitive - Role Queue,4.1,0.467
Symmetra,Midtown,Hybrid,Competitive - Role Queue,2.3,0.541
Torbjörn,Midtown,Hybrid,Competitive - Role Queue,3.4,0.551
Tracer,Midtown,Hybrid,Competitive - Role Queue,4.4,0.498
Vendetta,Midtown,Hybrid,Competitive - Role Queue,3.8,0.469
Venture,Midtown,Hybrid,Competitive - Role Queue,2.6,0.524
Widowmaker,Midtown,Hybrid,Competitive - Role Queue,5.3,0.451
Winston,Midtown,Hybrid,Competitive - Role Queue,4.6,0.5329999999999999
Wrecking Ball,Midtown,Hybrid,Competitive - Role Queue,3.1,0.505
Wuyang,Midtown,Hybrid,Competitive - Role Queue,9.1,0.501
Zarya,Midtown,Hybrid,Competitive - Role Queue,4.3,0.46799999999999997
Zenyatta,Midtown,Hybrid,Competitive - Role Queue,11.2,0.545
Sierra,Numbani,Hybrid,Competitive - Role Queue,52.9,0.526
Ramattra,Numbani,Hybrid,Competitive - Role Queue,10.3,0.517
Ana,Numbani,Hybrid,Competitive - Role Queue,21.4,0.457
Anran,Numbani,Hybrid,Competitive - Role Queue,12.6,0.5329999999999999
Ashe,Numbani,Hybrid,Competitive - Role Queue,8.7,0.493
Baptiste,Numbani,Hybrid,Competitive - Role Queue,5.1,0.446
Bastion,Numbani,Hybrid,Competitive - Role Queue,9.7,0.475
Brigitte,Numbani,Hybrid,Competitive - Role Queue,5.9,0.5429999999999999
Cassidy,Numbani,Hybrid,Competitive - Role Queue,10.8,0.47200000000000003
D.Va,Numbani,Hybrid,Competitive - Role Queue,10.0,0.47200000000000003
Domina,Numbani,Hybrid,Competitive - Role Queue,8.4,0.506
Doomfist,Numbani,Hybrid,Competitive - Role Queue,6.2,0.49200000000000005
Echo,Numbani,Hybrid,Competitive - Role Queue,4.8,0.491
Emre,Numbani,Hybrid,Competitive - Role Queue,10.2,0.48
Freja,Numbani,Hybrid,Competitive - Role Queue,3.9,0.449
Genji,Numbani,Hybrid,Competitive - Role Queue,11.3,0.511
Hanzo,Numbani,Hybrid,Competitive - Role Queue,6.4,0.484
Hazard,Numbani,Hybrid,Competitive - Role Queue,4.5,0.523
Illari,Numbani,Hybrid,Competitive - Role Queue,9.2,0.525
Jetpack Cat,Numbani,Hybrid,Competitive - Role Queue,11.0,0.485
Junker Queen,Numbani,Hybrid,Competitive - Role Queue,5.0,0.523
Junkrat,Numbani,Hybrid,Competitive - Role Queue,8.2,0.504
Juno,Numbani,Hybrid,Competitive - Role Queue,21.2,0.506
Kiriko,Numbani,Hybrid,Competitive - Role Queue,22.5,0.48200000000000004
Lifeweaver,Numbani,Hybrid,Competitive - Role Queue,14.9,0.506
Lúcio,Numbani,Hybrid,Competitive - Role Queue,8.5,0.525
Mauga,Numbani,Hybrid,Competitive - Role Queue,6.3,0.502
Mei,Numbani,Hybrid,Competitive - Role Queue,5.5,0.525
Mercy,Numbani,Hybrid,Competitive - Role Queue,23.5,0.488
Mizuki,Numbani,Hybrid,Competitive - Role Queue,15.8,0.523
Moira,Numbani,Hybrid,Competitive - Role Queue,20.8,0.502
Orisa,Numbani,Hybrid,Competitive - Role Queue,9.8,0.467
Pharah,Numbani,Hybrid,Competitive - Role Queue,3.7,0.532
Reaper,Numbani,Hybrid,Competitive - Role Queue,8.6,0.5379999999999999
Reinhardt,Numbani,Hybrid,Competitive - Role Queue,10.9,0.5429999999999999
Roadhog,Numbani,Hybrid,Competitive - Role Queue,8.3,0.457
Sigma,Numbani,Hybrid,Competitive - Role Queue,8.5,0.507
Sojourn,Numbani,Hybrid,Competitive - Role Queue,5.4,0.433
Soldier: 76,Numbani,Hybrid,Competitive - Role Queue,11.6,0.489
Sombra,Numbani,Hybrid,Competitive - Role Queue,4.1,0.467
Symmetra,Numbani,Hybrid,Competitive - Role Queue,2.3,0.541
Torbjörn,Numbani,Hybrid,Competitive - Role Queue,3.4,0.551
Tracer,Numbani,Hybrid,Competitive - Role Queue,4.4,0.498
Vendetta,Numbani,Hybrid,Competitive - Role Queue,3.8,0.469
Venture,Numbani,Hybrid,Competitive - Role Queue,2.6,0.524
Widowmaker,Numbani,Hybrid,Competitive - Role Queue,5.3,0.451
Winston,Numbani,Hybrid,Competitive - Role Queue,4.6,0.5329999999999999
Wrecking Ball,Numbani,Hybrid,Competitive - Role Queue,3.1,0.505
Wuyang,Numbani,Hybrid,Competitive - Role Queue,9.1,0.501
Zarya,Numbani,Hybrid,Competitive - Role Queue,4.3,0.46799999999999997
Zenyatta,Numbani,Hybrid,Competitive - Role Queue,11.2,0.545
Sierra,Paraíso,Hybrid,Competitive - Role Queue,52.9,0.526
Ramattra,Paraíso,Hybrid,Competitive - Role Queue,10.3,0.517
Ana,Paraíso,Hybrid,Competitive - Role Queue,21.4,0.457
Anran,Paraíso,Hybrid,Competitive - Role Queue,12.6,0.5329999999999999
Ashe,Paraíso,Hybrid,Competitive - Role Queue,8.7,0.493
Baptiste,Paraíso,Hybrid,Competitive - Role Queue,5.1,0.446
Bastion,Paraíso,Hybrid,Competitive - Role Queue,9.7,0.475
Brigitte,Paraíso,Hybrid,Competitive - Role Queue,5.9,0.5429999999999999
Cassidy,Paraíso,Hybrid,Competitive - Role Queue,10.8,0.47200000000000003
D.Va,Paraíso,Hybrid,Competitive - Role Queue,10.0,0.47200000000000003
Domina,Paraíso,Hybrid,Competitive - Role Queue,8.4,0.506
Doomfist,Paraíso,Hybrid,Competitive - Role Queue,6.2,0.49200000000000005
Echo,Paraíso,Hybrid,Competitive - Role Queue,4.8,0.491
Emre,Paraíso,Hybrid,Competitive - Role Queue,10.2,0.48
Freja,Paraíso,Hybrid,Competitive - Role Queue,3.9,0.449
Genji,Paraíso,Hybrid,Competitive - Role Queue,11.3,0.511
Hanzo,Paraíso,Hybrid,Competitive - Role Queue,6.4,0.484
Hazard,Paraíso,Hybrid,Competitive - Role Queue,4.5,0.523
Illari,Paraíso,Hybrid,Competitive - Role Queue,9.2,0.525
Jetpack Cat,Paraíso,Hybrid,Competitive - Role Queue,11.0,0.485
Junker Queen,Paraíso,Hybrid,Competitive - Role Queue,5.0,0.523
Junkrat,Paraíso,Hybrid,Competitive - Role Queue,8.2,0.504
Juno,Paraíso,Hybrid,Competitive - Role Queue,21.2,0.506
Kiriko,Paraíso,Hybrid,Competitive - Role Queue,22.5,0.48200000000000004
Lifeweaver,Paraíso,Hybrid,Competitive - Role Queue,14.9,0.506
Lúcio,Paraíso,Hybrid,Competitive - Role Queue,8.5,0.525
Mauga,Paraíso,Hybrid,Competitive - Role Queue,6.3,0.502
Mei,Paraíso,Hybrid,Competitive - Role Queue,5.5,0.525
Mercy,Paraíso,Hybrid,Competitive - Role Queue,23.5,0.488
Mizuki,Paraíso,Hybrid,Competitive - Role Queue,15.8,0.523
Moira,Paraíso,Hybrid,Competitive - Role Queue,20.8,0.502
Orisa,Paraíso,Hybrid,Competitive - Role Queue,9.8,0.467
Pharah,Paraíso,Hybrid,Competitive - Role Queue,3.7,0.532
Reaper,Paraíso,Hybrid,Competitive - Role Queue,8.6,0.5379999999999999
Reinhardt,Paraíso,Hybrid,Competitive - Role Queue,10.9,0.5429999999999999
Roadhog,Paraíso,Hybrid,Competitive - Role Queue,8.3,0.457
Sigma,Paraíso,Hybrid,Competitive - Role Queue,8.5,0.507
Sojourn,Paraíso,Hybrid,Competitive - Role Queue,5.4,0.433
Soldier: 76,Paraíso,Hybrid,Competitive - Role Queue,11.6,0.489
Sombra,Paraíso,Hybrid,Competitive - Role Queue,4.1,0.467
Symmetra,Paraíso,Hybrid,Competitive - Role Queue,2.3,0.541
Torbjörn,Paraíso,Hybrid,Competitive - Role Queue,3.4,0.551
Tracer,Paraíso,Hybrid,Competitive - Role Queue,4.4,0.498
Vendetta,Paraíso,Hybrid,Competitive - Role Queue,3.8,0.469
Venture,Paraíso,Hybrid,Competitive - Role Queue,2.6,0.524
Widowmaker,Paraíso,Hybrid,Competitive - Role Queue,5.3,0.451
Winston,Paraíso,Hybrid,Competitive - Role Queue,4.6,0.5329999999999999
Wrecking Ball,Paraíso,Hybrid,Competitive - Role Queue,3.1,0.505
Wuyang,Paraíso,Hybrid,Competitive - Role Queue,9.1,0.501
Zarya,Paraíso,Hybrid,Competitive - Role Queue,4.3,0.46799999999999997
Zenyatta,Paraíso,Hybrid,Competitive - Role Queue,11.2,0.545
Sierra,Colosseo,Push,Competitive - Role Queue,52.9,0.526
Ramattra,Colosseo,Push,Competitive - Role Queue,10.3,0.517
Ana,Colosseo,Push,Competitive - Role Queue,21.4,0.457
Anran,Colosseo,Push,Competitive - Role Queue,12.6,0.5329999999999999
Ashe,Colosseo,Push,Competitive - Role Queue,8.7,0.493
Baptiste,Colosseo,Push,Competitive - Role Queue,5.1,0.446
Bastion,Colosseo,Push,Competitive - Role Queue,9.7,0.475
Brigitte,Colosseo,Push,Competitive - Role Queue,5.9,0.5429999999999999
Cassidy,Colosseo,Push,Competitive - Role Queue,10.8,0.47200000000000003
D.Va,Colosseo,Push,Competitive - Role Queue,10.0,0.47200000000000003
Domina,Colosseo,Push,Competitive - Role Queue,8.4,0.506
Doomfist,Colosseo,Push,Competitive - Role Queue,6.2,0.49200000000000005
Echo,Colosseo,Push,Competitive - Role Queue,4.8,0.491
Emre,Colosseo,Push,Competitive - Role Queue,10.2,0.48
Freja,Colosseo,Push,Competitive - Role Queue,3.9,0.449
Genji,Colosseo,Push,Competitive - Role Queue,11.3,0.511
Hanzo,Colosseo,Push,Competitive - Role Queue,6.4,0.484
Hazard,Colosseo,Push,Competitive - Role Queue,4.5,0.523
Illari,Colosseo,Push,Competitive - Role Queue,9.2,0.525
Jetpack Cat,Colosseo,Push,Competitive - Role Queue,11.0,0.485
Junker Queen,Colosseo,Push,Competitive - Role Queue,5.0,0.523
Junkrat,Colosseo,Push,Competitive - Role Queue,8.2,0.504
Juno,Colosseo,Push,Competitive - Role Queue,21.2,0.506
Kiriko,Colosseo,Push,Competitive - Role Queue,22.5,0.48200000000000004
Lifeweaver,Colosseo,Push,Competitive - Role Queue,14.9,0.506
Lúcio,Colosseo,Push,Competitive - Role Queue,8.5,0.525
Mauga,Colosseo,Push,Competitive - Role Queue,6.3,0.502
Mei,Colosseo,Push,Competitive - Role Queue,5.5,0.525
Mercy,Colosseo,Push,Competitive - Role Queue,23.5,0.488
Mizuki,Colosseo,Push,Competitive - Role Queue,15.8,0.523
Moira,Colosseo,Push,Competitive - Role Queue,20.8,0.502
Orisa,Colosseo,Push,Competitive - Role Queue,9.8,0.467
Pharah,Colosseo,Push,Competitive - Role Queue,3.7,0.532
Reaper,Colosseo,Push,Competitive - Role Queue,8.6,0.5379999999999999
Reinhardt,Colosseo,Push,Competitive - Role Queue,10.9,0.5429999999999999
Roadhog,Colosseo,Push,Competitive - Role Queue,8.3,0.457
Sigma,Colosseo,Push,Competitive - Role Queue,8.5,0.507
Sojourn,Colosseo,Push,Competitive - Role Queue,5.4,0.433
Soldier: 76,Colosseo,Push,Competitive - Role Queue,11.6,0.489
Sombra,Colosseo,Push,Competitive - Role Queue,4.1,0.467
Symmetra,Colosseo,Push,Competitive - Role Queue,2.3,0.541
Torbjörn,Colosseo,Push,Competitive - Role Queue,3.4,0.551
Tracer,Colosseo,Push,Competitive - Role Queue,4.4,0.498
Vendetta,Colosseo,Push,Competitive - Role Queue,3.8,0.469
Venture,Colosseo,Push,Competitive - Role Queue,2.6,0.524
Widowmaker,Colosseo,Push,Competitive - Role Queue,5.3,0.451
Winston,Colosseo,Push,Competitive - Role Queue,4.6,0.5329999999999999
Wrecking Ball,Colosseo,Push,Competitive - Role Queue,3.1,0.505
Wuyang,Colosseo,Push,Competitive - Role Queue,9.1,0.501
Zarya,Colosseo,Push,Competitive - Role Queue,4.3,0.46799999999999997
Zenyatta,Colosseo,Push,Competitive - Role Queue,11.2,0.545
Sierra,Esperança,Push,Competitive - Role Queue,52.9,0.526
Ramattra,Esperança,Push,Competitive - Role Queue,10.3,0.517
Ana,Esperança,Push,Competitive - Role Queue,21.4,0.457
Anran,Esperança,Push,Competitive - Role Queue,12.6,0.5329999999999999
Ashe,Esperança,Push,Competitive - Role Queue,8.7,0.493
Baptiste,Esperança,Push,Competitive - Role Queue,5.1,0.446
Bastion,Esperança,Push,Competitive - Role Queue,9.7,0.475
Brigitte,Esperança,Push,Competitive - Role Queue,5.9,0.5429999999999999
Cassidy,Esperança,Push,Competitive - Role Queue,10.8,0.47200000000000003
D.Va,Esperança,Push,Competitive - Role Queue,10.0,0.47200000000000003
Domina,Esperança,Push,Competitive - Role Queue,8.4,0.506
Doomfist,Esperança,Push,Competitive - Role Queue,6.2,0.49200000000000005
Echo,Esperança,Push,Competitive - Role Queue,4.8,0.491
Emre,Esperança,Push,Competitive - Role Queue,10.2,0.48
Freja,Esperança,Push,Competitive - Role Queue,3.9,0.449
Genji,Esperança,Push,Competitive - Role Queue,11.3,0.511
Hanzo,Esperança,Push,Competitive - Role Queue,6.4,0.484
Hazard,Esperança,Push,Competitive - Role Queue,4.5,0.523
Illari,Esperança,Push,Competitive - Role Queue,9.2,0.525
Jetpack Cat,Esperança,Push,Competitive - Role Queue,11.0,0.485
Junker Queen,Esperança,Push,Competitive - Role Queue,5.0,0.523
Junkrat,Esperança,Push,Competitive - Role Queue,8.2,0.504
Juno,Esperança,Push,Competitive - Role Queue,21.2,0.506
Kiriko,Esperança,Push,Competitive - Role Queue,22.5,0.48200000000000004
Lifeweaver,Esperança,Push,Competitive - Role Queue,14.9,0.506
Lúcio,Esperança,Push,Competitive - Role Queue,8.5,0.525
Mauga,Esperança,Push,Competitive - Role Queue,6.3,0.502
Mei,Esperança,Push,Competitive - Role Queue,5.5,0.525
Mercy,Esperança,Push,Competitive - Role Queue,23.5,0.488
Mizuki,Esperança,Push,Competitive - Role Queue,15.8,0.523
Moira,Esperança,Push,Competitive - Role Queue,20.8,0.502
Orisa,Esperança,Push,Competitive - Role Queue,9.8,0.467
Pharah,Esperança,Push,Competitive - Role Queue,3.7,0.532
Reaper,Esperança,Push,Competitive - Role Queue,8.6,0.5379999999999999
Reinhardt,Esperança,Push,Competitive - Role Queue,10.9,0.5429999999999999
Roadhog,Esperança,Push,Competitive - Role Queue,8.3,0.457
Sigma,Esperança,Push,Competitive - Role Queue,8.5,0.507
Sojourn,Esperança,Push,Competitive - Role Queue,5.4,0.433
Soldier: 76,Esperança,Push,Competitive - Role Queue,11.6,0.489
Sombra,Esperança,Push,Competitive - Role Queue,4.1,0.467
Symmetra,Esperança,Push,Competitive - Role Queue,2.3,0.541
Torbjörn,Esperança,Push,Competitive - Role Queue,3.4,0.551
Tracer,Esperança,Push,Competitive - Role Queue,4.4,0.498
Vendetta,Esperança,Push,Competitive - Role Queue,3.8,0.469
Venture,Esperança,Push,Competitive - Role Queue,2.6,0.524
Widowmaker,Esperança,Push,Competitive - Role Queue,5.3,0.451
Winston,Esperança,Push,Competitive - Role Queue,4.6,0.5329999999999999
Wrecking Ball,Esperança,Push,Competitive - Role Queue,3.1,0.505
Wuyang,Esperança,Push,Competitive - Role Queue,9.1,0.501
Zarya,Esperança,Push,Competitive - Role Queue,4.3,0.46799999999999997
Zenyatta,Esperança,Push,Competitive - Role Queue,11.2,0.545
Sierra,New Queen Street,Push,Competitive - Role Queue,52.9,0.526
Ramattra,New Queen Street,Push,Competitive - Role Queue,10.3,0.517
Ana,New Queen Street,Push,Competitive - Role Queue,21.4,0.457
Anran,New Queen Street,Push,Competitive - Role Queue,12.6,0.5329999999999999
Ashe,New Queen Street,Push,Competitive - Role Queue,8.7,0.493
Baptiste,New Queen Street,Push,Competitive - Role Queue,5.1,0.446
Bastion,New Queen Street,Push,Competitive - Role Queue,9.7,0.475
Brigitte,New Queen Street,Push,Competitive - Role Queue,5.9,0.5429999999999999
Cassidy,New Queen Street,Push,Competitive - Role Queue,10.8,0.47200000000000003
D.Va,New Queen Street,Push,Competitive - Role Queue,10.0,0.47200000000000003
Domina,New Queen Street,Push,Competitive - Role Queue,8.4,0.506
Doomfist,New Queen Street,Push,Competitive - Role Queue,6.2,0.49200000000000005
Echo,New Queen Street,Push,Competitive - Role Queue,4.8,0.491
Emre,New Queen Street,Push,Competitive - Role Queue,10.2,0.48
Freja,New Queen Street,Push,Competitive - Role Queue,3.9,0.449
Genji,New Queen Street,Push,Competitive - Role Queue,11.3,0.511
Hanzo,New Queen Street,Push,Competitive - Role Queue,6.4,0.484
Hazard,New Queen Street,Push,Competitive - Role Queue,4.5,0.523
Illari,New Queen Street,Push,Competitive - Role Queue,9.2,0.525
Jetpack Cat,New Queen Street,Push,Competitive - Role Queue,11.0,0.485
Junker Queen,New Queen Street,Push,Competitive - Role Queue,5.0,0.523
Junkrat,New Queen Street,Push,Competitive - Role Queue,8.2,0.504
Juno,New Queen Street,Push,Competitive - Role Queue,21.2,0.506
Kiriko,New Queen Street,Push,Competitive - Role Queue,22.5,0.48200000000000004
Lifeweaver,New Queen Street,Push,Competitive - Role Queue,14.9,0.506
Lúcio,New Queen Street,Push,Competitive - Role Queue,8.5,0.525
Mauga,New Queen Street,Push,Competitive - Role Queue,6.3,0.502
Mei,New Queen Street,Push,Competitive - Role Queue,5.5,0.525
Mercy,New Queen Street,Push,Competitive - Role Queue,23.5,0.488
Mizuki,New Queen Street,Push,Competitive - Role Queue,15.8,0.523
Moira,New Queen Street,Push,Competitive - Role Queue,20.8,0.502
Orisa,New Queen Street,Push,Competitive - Role Queue,9.8,0.467
Pharah,New Queen Street,Push,Competitive - Role Queue,3.7,0.532
Reaper,New Queen Street,Push,Competitive - Role Queue,8.6,0.5379999999999999
Reinhardt,New Queen Street,Push,Competitive - Role Queue,10.9,0.5429999999999999
Roadhog,New Queen Street,Push,Competitive - Role Queue,8.3,0.457
Sigma,New Queen Street,Push,Competitive - Role Queue,8.5,0.507
Sojourn,New Queen Street,Push,Competitive - Role Queue,5.4,0.433
Soldier: 76,New Queen Street,Push,Competitive - Role Queue,11.6,0.489
Sombra,New Queen Street,Push,Competitive - Role Queue,4.1,0.467
Symmetra,New Queen Street,Push,Competitive - Role Queue,2.3,0.541
Torbjörn,New Queen Street,Push,Competitive - Role Queue,3.4,0.551
Tracer,New Queen Street,Push,Competitive - Role Queue,4.4,0.498
Vendetta,New Queen Street,Push,Competitive - Role Queue,3.8,0.469
Venture,New Queen Street,Push,Competitive - Role Queue,2.6,0.524
Widowmaker,New Queen Street,Push,Competitive - Role Queue,5.3,0.451
Winston,New Queen Street,Push,Competitive - Role Queue,4.6,0.5329999999999999
Wrecking Ball,New Queen Street,Push,Competitive - Role Queue,3.1,0.505
Wuyang,New Queen Street,Push,Competitive - Role Queue,9.1,0.501
Zarya,New Queen Street,Push,Competitive - Role Queue,4.3,0.46799999999999997
Zenyatta,New Queen Street,Push,Competitive - Role Queue,11.2,0.545
Sierra,Runasapi,Push,Competitive - Role Queue,52.9,0.526
Ramattra,Runasapi,Push,Competitive - Role Queue,10.3,0.517
Ana,Runasapi,Push,Competitive - Role Queue,21.4,0.457
Anran,Runasapi,Push,Competitive - Role Queue,12.6,0.5329999999999999
Ashe,Runasapi,Push,Competitive - Role Queue,8.7,0.493
Baptiste,Runasapi,Push,Competitive - Role Queue,5.1,0.446
Bastion,Runasapi,Push,Competitive - Role Queue,9.7,0.475
Brigitte,Runasapi,Push,Competitive - Role Queue,5.9,0.5429999999999999
Cassidy,Runasapi,Push,Competitive - Role Queue,10.8,0.47200000000000003
D.Va,Runasapi,Push,Competitive - Role Queue,10.0,0.47200000000000003
Domina,Runasapi,Push,Competitive - Role Queue,8.4,0.506
Doomfist,Runasapi,Push,Competitive - Role Queue,6.2,0.49200000000000005
Echo,Runasapi,Push,Competitive - Role Queue,4.8,0.491
Emre,Runasapi,Push,Competitive - Role Queue,10.2,0.48
Freja,Runasapi,Push,Competitive - Role Queue,3.9,0.449
Genji,Runasapi,Push,Competitive - Role Queue,11.3,0.511
Hanzo,Runasapi,Push,Competitive - Role Queue,6.4,0.484
Hazard,Runasapi,Push,Competitive - Role Queue,4.5,0.523
Illari,Runasapi,Push,Competitive - Role Queue,9.2,0.525
Jetpack Cat,Runasapi,Push,Competitive - Role Queue,11.0,0.485
Junker Queen,Runasapi,Push,Competitive - Role Queue,5.0,0.523
Junkrat,Runasapi,Push,Competitive - Role Queue,8.2,0.504
Juno,Runasapi,Push,Competitive - Role Queue,21.2,0.506
Kiriko,Runasapi,Push,Competitive - Role Queue,22.5,0.48200000000000004
Lifeweaver,Runasapi,Push,Competitive - Role Queue,14.9,0.506
Lúcio,Runasapi,Push,Competitive - Role Queue,8.5,0.525
Mauga,Runasapi,Push,Competitive - Role Queue,6.3,0.502
Mei,Runasapi,Push,Competitive - Role Queue,5.5,0.525
Mercy,Runasapi,Push,Competitive - Role Queue,23.5,0.488
Mizuki,Runasapi,Push,Competitive - Role Queue,15.8,0.523
Moira,Runasapi,Push,Competitive - Role Queue,20.8,0.502
Orisa,Runasapi,Push,Competitive - Role Queue,9.8,0.467
Pharah,Runasapi,Push,Competitive - Role Queue,3.7,0.532
Reaper,Runasapi,Push,Competitive - Role Queue,8.6,0.5379999999999999
Reinhardt,Runasapi,Push,Competitive - Role Queue,10.9,0.5429999999999999
Roadhog,Runasapi,Push,Competitive - Role Queue,8.3,0.457
Sigma,Runasapi,Push,Competitive - Role Queue,8.5,0.507
Sojourn,Runasapi,Push,Competitive - Role Queue,5.4,0.433
Soldier: 76,Runasapi,Push,Competitive - Role Queue,11.6,0.489
Sombra,Runasapi,Push,Competitive - Role Queue,4.1,0.467
Symmetra,Runasapi,Push,Competitive - Role Queue,2.3,0.541
Torbjörn,Runasapi,Push,Competitive - Role Queue,3.4,0.551
Tracer,Runasapi,Push,Competitive - Role Queue,4.4,0.498
Vendetta,Runasapi,Push,Competitive - Role Queue,3.8,0.469
Venture,Runasapi,Push,Competitive - Role Queue,2.6,0.524
Widowmaker,Runasapi,Push,Competitive - Role Queue,5.3,0.451
Winston,Runasapi,Push,Competitive - Role Queue,4.6,0.5329999999999999
Wrecking Ball,Runasapi,Push,Competitive - Role Queue,3.1,0.505
Wuyang,Runasapi,Push,Competitive - Role Queue,9.1,0.501
Zarya,Runasapi,Push,Competitive - Role Queue,4.3,0.46799999999999997
Zenyatta,Runasapi,Push,Competitive - Role Queue,11.2,0.545
Sierra,New Junk City,Flashpoint,Competitive - Role Queue,52.9,0.526
Ramattra,New Junk City,Flashpoint,Competitive - Role Queue,10.3,0.517
Ana,New Junk City,Flashpoint,Competitive - Role Queue,21.4,0.457
Anran,New Junk City,Flashpoint,Competitive - Role Queue,12.6,0.5329999999999999
Ashe,New Junk City,Flashpoint,Competitive - Role Queue,8.7,0.493
Baptiste,New Junk City,Flashpoint,Competitive - Role Queue,5.1,0.446
Bastion,New Junk City,Flashpoint,Competitive - Role Queue,9.7,0.475
Brigitte,New Junk City,Flashpoint,Competitive - Role Queue,5.9,0.5429999999999999
Cassidy,New Junk City,Flashpoint,Competitive - Role Queue,10.8,0.47200000000000003
D.Va,New Junk City,Flashpoint,Competitive - Role Queue,10.0,0.47200000000000003
Domina,New Junk City,Flashpoint,Competitive - Role Queue,8.4,0.506
Doomfist,New Junk City,Flashpoint,Competitive - Role Queue,6.2,0.49200000000000005
Echo,New Junk City,Flashpoint,Competitive - Role Queue,4.8,0.491
Emre,New Junk City,Flashpoint,Competitive - Role Queue,10.2,0.48
Freja,New Junk City,Flashpoint,Competitive - Role Queue,3.9,0.449
Genji,New Junk City,Flashpoint,Competitive - Role Queue,11.3,0.511
Hanzo,New Junk City,Flashpoint,Competitive - Role Queue,6.4,0.484
Hazard,New Junk City,Flashpoint,Competitive - Role Queue,4.5,0.523
Illari,New Junk City,Flashpoint,Competitive - Role Queue,9.2,0.525
Jetpack Cat,New Junk City,Flashpoint,Competitive - Role Queue,11.0,0.485
Junker Queen,New Junk City,Flashpoint,Competitive - Role Queue,5.0,0.523
Junkrat,New Junk City,Flashpoint,Competitive - Role Queue,8.2,0.504
Juno,New Junk City,Flashpoint,Competitive - Role Queue,21.2,0.506
Kiriko,New Junk City,Flashpoint,Competitive - Role Queue,22.5,0.48200000000000004
Lifeweaver,New Junk City,Flashpoint,Competitive - Role Queue,14.9,0.506
Lúcio,New Junk City,Flashpoint,Competitive - Role Queue,8.5,0.525
Mauga,New Junk City,Flashpoint,Competitive - Role Queue,6.3,0.502
Mei,New Junk City,Flashpoint,Competitive - Role Queue,5.5,0.525
Mercy,New Junk City,Flashpoint,Competitive - Role Queue,23.5,0.488
Mizuki,New Junk City,Flashpoint,Competitive - Role Queue,15.8,0.523
Moira,New Junk City,Flashpoint,Competitive - Role Queue,20.8,0.502
Orisa,New Junk City,Flashpoint,Competitive - Role Queue,9.8,0.467
Pharah,New Junk City,Flashpoint,Competitive - Role Queue,3.7,0.532
Reaper,New Junk City,Flashpoint,Competitive - Role Queue,8.6,0.5379999999999999
Reinhardt,New Junk City,Flashpoint,Competitive - Role Queue,10.9,0.5429999999999999
Roadhog,New Junk City,Flashpoint,Competitive - Role Queue,8.3,0.457
Sigma,New Junk City,Flashpoint,Competitive - Role Queue,8.5,0.507
Sojourn,New Junk City,Flashpoint,Competitive - Role Queue,5.4,0.433
Soldier: 76,New Junk City,Flashpoint,Competitive - Role Queue,11.6,0.489
Sombra,New Junk City,Flashpoint,Competitive - Role Queue,4.1,0.467
Symmetra,New Junk City,Flashpoint,Competitive - Role Queue,2.3,0.541
Torbjörn,New Junk City,Flashpoint,Competitive - Role Queue,3.4,0.551
Tracer,New Junk City,Flashpoint,Competitive - Role Queue,4.4,0.498
Vendetta,New Junk City,Flashpoint,Competitive - Role Queue,3.8,0.469
Venture,New Junk City,Flashpoint,Competitive - Role Queue,2.6,0.524
Widowmaker,New Junk City,Flashpoint,Competitive - Role Queue,5.3,0.451
Winston,New Junk City,Flashpoint,Competitive - Role Queue,4.6,0.5329999999999999
Wrecking Ball,New Junk City,Flashpoint,Competitive - Role Queue,3.1,0.505
Wuyang,New Junk City,Flashpoint,Competitive - Role Queue,9.1,0.501
Zarya,New Junk City,Flashpoint,Competitive - Role Queue,4.3,0.46799999999999997
Zenyatta,New Junk City,Flashpoint,Competitive - Role Queue,11.2,0.545
Sierra,Suravasa,Flashpoint,Competitive - Role Queue,52.9,0.526
Ramattra,Suravasa,Flashpoint,Competitive - Role Queue,10.3,0.517
Ana,Suravasa,Flashpoint,Competitive - Role Queue,21.4,0.457
Anran,Suravasa,Flashpoint,Competitive - Role Queue,12.6,0.5329999999999999
Ashe,Suravasa,Flashpoint,Competitive - Role Queue,8.7,0.493
Baptiste,Suravasa,Flashpoint,Competitive - Role Queue,5.1,0.446
Bastion,Suravasa,Flashpoint,Competitive - Role Queue,9.7,0.475
Brigitte,Suravasa,Flashpoint,Competitive - Role Queue,5.9,0.5429999999999999
Cassidy,Suravasa,Flashpoint,Competitive - Role Queue,10.8,0.47200000000000003
D.Va,Suravasa,Flashpoint,Competitive - Role Queue,10.0,0.47200000000000003
Domina,Suravasa,Flashpoint,Competitive - Role Queue,8.4,0.506
Doomfist,Suravasa,Flashpoint,Competitive - Role Queue,6.2,0.49200000000000005
Echo,Suravasa,Flashpoint,Competitive - Role Queue,4.8,0.491
Emre,Suravasa,Flashpoint,Competitive - Role Queue,10.2,0.48
Freja,Suravasa,Flashpoint,Competitive - Role Queue,3.9,0.449
Genji,Suravasa,Flashpoint,Competitive - Role Queue,11.3,0.511
Hanzo,Suravasa,Flashpoint,Competitive - Role Queue,6.4,0.484
Hazard,Suravasa,Flashpoint,Competitive - Role Queue,4.5,0.523
Illari,Suravasa,Flashpoint,Competitive - Role Queue,9.2,0.525
Jetpack Cat,Suravasa,Flashpoint,Competitive - Role Queue,11.0,0.485
Junker Queen,Suravasa,Flashpoint,Competitive - Role Queue,5.0,0.523
Junkrat,Suravasa,Flashpoint,Competitive - Role Queue,8.2,0.504
Juno,Suravasa,Flashpoint,Competitive - Role Queue,21.2,0.506
Kiriko,Suravasa,Flashpoint,Competitive - Role Queue,22.5,0.48200000000000004
Lifeweaver,Suravasa,Flashpoint,Competitive - Role Queue,14.9,0.506
Lúcio,Suravasa,Flashpoint,Competitive - Role Queue,8.5,0.525
Mauga,Suravasa,Flashpoint,Competitive - Role Queue,6.3,0.502
Mei,Suravasa,Flashpoint,Competitive - Role Queue,5.5,0.525
Mercy,Suravasa,Flashpoint,Competitive - Role Queue,23.5,0.488
Mizuki,Suravasa,Flashpoint,Competitive - Role Queue,15.8,0.523
Moira,Suravasa,Flashpoint,Competitive - Role Queue,20.8,0.502
Orisa,Suravasa,Flashpoint,Competitive - Role Queue,9.8,0.467
Pharah,Suravasa,Flashpoint,Competitive - Role Queue,3.7,0.532
Reaper,Suravasa,Flashpoint,Competitive - Role Queue,8.6,0.5379999999999999
Reinhardt,Suravasa,Flashpoint,Competitive - Role Queue,10.9,0.5429999999999999
Roadhog,Suravasa,Flashpoint,Competitive - Role Queue,8.3,0.457
Sigma,Suravasa,Flashpoint,Competitive - Role Queue,8.5,0.507
Sojourn,Suravasa,Flashpoint,Competitive - Role Queue,5.4,0.433
Soldier: 76,Suravasa,Flashpoint,Competitive - Role Queue,11.6,0.489
Sombra,Suravasa,Flashpoint,Competitive - Role Queue,4.1,0.467
Symmetra,Suravasa,Flashpoint,Competitive - Role Queue,2.3,0.541
Torbjörn,Suravasa,Flashpoint,Competitive - Role Queue,3.4,0.551
Tracer,Suravasa,Flashpoint,Competitive - Role Queue,4.4,0.498
Vendetta,Suravasa,Flashpoint,Competitive - Role Queue,3.8,0.469
Venture,Suravasa,Flashpoint,Competitive - Role Queue,2.6,0.524
Widowmaker,Suravasa,Flashpoint,Competitive - Role Queue,5.3,0.451
Winston,Suravasa,Flashpoint,Competitive - Role Queue,4.6,0.5329999999999999
Wrecking Ball,Suravasa,Flashpoint,Competitive - Role Queue,3.1,0.505
Wuyang,Suravasa,Flashpoint,Competitive - Role Queue,9.1,0.501
Zarya,Suravasa,Flashpoint,Competitive - Role Queue,4.3,0.46799999999999997
Zenyatta,Suravasa,Flashpoint,Competitive - Role Queue,11.2,0.545
